Search Term;Requested;Response;Scan Date;Detections;Total;Permalink;AVs;CVEs
SHA256:;1;0;Invalid resource, check what you are submitting
398452a815514c84763f2ae1df0b2b0920d46388d5cabe212a6fd345d3be1722 ;1;1;2017-03-31 13:03:22;1;59;https://www.virustotal.com/file/398452a815514c84763f2ae1df0b2b0920d46388d5cabe212a6fd345d3be1722/analysis/1490965402/;Rising#Macro.Powershell.b (classic) #20170331#28.0.0.1;
ef1d5b9972bf8718360dff00846d91654ff4277dfd0623937c1c138285f990d0 ;1;1;2017-03-31 13:03:25;0;59;https://www.virustotal.com/file/ef1d5b9972bf8718360dff00846d91654ff4277dfd0623937c1c138285f990d0/analysis/1490965405/;;
89fe5b5d0573526588376161d3c96c2d9718af0e1fd7b2e4183788a14b172594;1;1;2017-03-31 13:03:28;0;58;https://www.virustotal.com/file/89fe5b5d0573526588376161d3c96c2d9718af0e1fd7b2e4183788a14b172594/analysis/1490965408/;;
1dc23348083906adf27fb43ac7fd7b5b1d5c9095736cd011690d971f7a86310f  ;1;1;2017-03-31 13:03:33;2;59;https://www.virustotal.com/file/1dc23348083906adf27fb43ac7fd7b5b1d5c9095736cd011690d971f7a86310f/analysis/1490965413/;Rising#Macro.Powershell.b (classic) #20170331#28.0.0.1,ZoneAlarm#HEUR:Trojan-Downloader.Script.Generic#20170331#1.0;
13239840d2aadf805a671e69a0fc860dcccf818a6911daef7fb92782bc53690f ;1;1;2017-03-31 13:03:44;0;59;https://www.virustotal.com/file/13239840d2aadf805a671e69a0fc860dcccf818a6911daef7fb92782bc53690f/analysis/1490965424/;;
72956ee96e97bf7331bfc8a1a6d48e5918f3a0af14c0acec610a5b086a961fe9;1;1;2017-03-31 11:25:38;0;57;https://www.virustotal.com/file/72956ee96e97bf7331bfc8a1a6d48e5918f3a0af14c0acec610a5b086a961fe9/analysis/1490959538/;;
230a8edb8f3ee4412a2ca5da6f5c480085861d5f8349f01f8869ba3438940561;1;1;2017-03-31 13:07:59;0;59;https://www.virustotal.com/file/230a8edb8f3ee4412a2ca5da6f5c480085861d5f8349f01f8869ba3438940561/analysis/1490965679/;;
80e1b479165494fb0f5c935aa93f73684072d65eebcd0621dbc83dcf5af7cefe ;1;1;2017-03-31 13:08:04;0;59;https://www.virustotal.com/file/80e1b479165494fb0f5c935aa93f73684072d65eebcd0621dbc83dcf5af7cefe/analysis/1490965684/;;
13120c230936f2ece11ec94b5b3452a2a843a14c8d26d3e8df5cad2bba7075c4 ;1;1;2017-03-31 13:08:09;0;59;https://www.virustotal.com/file/13120c230936f2ece11ec94b5b3452a2a843a14c8d26d3e8df5cad2bba7075c4/analysis/1490965689/;;
b510a4d969133eb2e842a3a49bf51338891263a743ad3487145fdd251ca0ec61 ;1;1;2017-03-31 13:08:19;0;59;https://www.virustotal.com/file/b510a4d969133eb2e842a3a49bf51338891263a743ad3487145fdd251ca0ec61/analysis/1490965699/;;
8d215b24450615ada00bac1c47f3b86383e710c6291e9519234319efc16ec72d ;1;1;2017-03-31 13:10:26;2;59;https://www.virustotal.com/file/8d215b24450615ada00bac1c47f3b86383e710c6291e9519234319efc16ec72d/analysis/1490965826/;Rising#Macro.Powershell.b (classic) #20170331#28.0.0.1,ZoneAlarm#HEUR:Trojan-Downloader.Script.Generic#20170331#1.0;
469ed8040dc90a65bb7fd6472d7adf226986a294fbde8f90e411f583beffb508 ;1;1;2017-03-31 13:10:29;0;59;https://www.virustotal.com/file/469ed8040dc90a65bb7fd6472d7adf226986a294fbde8f90e411f583beffb508/analysis/1490965829/;;
1eaafcd0cb09bf90770f5c541f28846ec5b08519d9cab5b4cb5d0dd5686834d5 ;1;1;2017-03-31 13:10:33;0;59;https://www.virustotal.com/file/1eaafcd0cb09bf90770f5c541f28846ec5b08519d9cab5b4cb5d0dd5686834d5/analysis/1490965833/;;
f1548d490f9c20a5589a1d950d346a1e8696d16647e3eebdbebc1d4f1b9f9a69 ;1;1;2017-03-31 13:10:37;0;59;https://www.virustotal.com/file/f1548d490f9c20a5589a1d950d346a1e8696d16647e3eebdbebc1d4f1b9f9a69/analysis/1490965837/;;
06efac30e815cfe8ffdceb9ad3fabd6dcff93c0a748e75c6599322d4e22db672 ;1;1;2017-03-31 13:10:43;0;59;https://www.virustotal.com/file/06efac30e815cfe8ffdceb9ad3fabd6dcff93c0a748e75c6599322d4e22db672/analysis/1490965843/;;
ec9d1912df018823e8afc663cd587bd0b086917bca6b8497d658a657124060e1 ;1;1;2017-03-31 13:13:32;0;59;https://www.virustotal.com/file/ec9d1912df018823e8afc663cd587bd0b086917bca6b8497d658a657124060e1/analysis/1490966012/;;
dfb045a6743f1d8f0ffc608b3eae15d6430c429e18b6ece6ea2b666c3742f40b ;1;1;2017-03-31 13:13:36;0;59;https://www.virustotal.com/file/dfb045a6743f1d8f0ffc608b3eae15d6430c429e18b6ece6ea2b666c3742f40b/analysis/1490966016/;;
08fd03d70624f33b7d59bf56b4e4eb97a21a9d6e9b8a1971da1fee4b10bc47b4 ;1;1;2017-03-31 13:13:41;0;59;https://www.virustotal.com/file/08fd03d70624f33b7d59bf56b4e4eb97a21a9d6e9b8a1971da1fee4b10bc47b4/analysis/1490966021/;;
ad7cef54f1d20bb854c45bc9d7c28abc74f89fdf551a883855c18b537734749d ;1;1;2017-03-31 13:13:45;0;59;https://www.virustotal.com/file/ad7cef54f1d20bb854c45bc9d7c28abc74f89fdf551a883855c18b537734749d/analysis/1490966025/;;
d6e290fef40bbdb6cad0df8d2098ee10699aaea1b09fc4ebef04b577f4a91386 ;1;1;2017-03-31 13:13:50;0;57;https://www.virustotal.com/file/d6e290fef40bbdb6cad0df8d2098ee10699aaea1b09fc4ebef04b577f4a91386/analysis/1490966030/;;
d2bea9c26433923108d93d3bb39d905dd0f2f70c56ce10bd4f413f5bc9e941fd ;1;1;2017-03-31 13:15:09;1;59;https://www.virustotal.com/file/d2bea9c26433923108d93d3bb39d905dd0f2f70c56ce10bd4f413f5bc9e941fd/analysis/1490966109/;Rising#Macro.Powershell.b (classic) #20170331#28.0.0.1;
6cfffcc5d2d8cbf684ba32fefa63e1aa1dcb8755cbf4772f00a1e2bf9672b151 ;1;1;2017-03-31 13:15:12;0;59;https://www.virustotal.com/file/6cfffcc5d2d8cbf684ba32fefa63e1aa1dcb8755cbf4772f00a1e2bf9672b151/analysis/1490966112/;;
498ad8c253e374cfc1f6da06ff4d4d66915b28d696861419c71c19ab60e2f325 ;1;1;2017-03-31 13:15:13;0;59;https://www.virustotal.com/file/498ad8c253e374cfc1f6da06ff4d4d66915b28d696861419c71c19ab60e2f325/analysis/1490966113/;;
c0267f17a7d7ab6b59b3d63008f9cb17b44e89785ddf8ddcbf974ace49c88b7b ;1;1;2017-03-31 13:15:24;0;59;https://www.virustotal.com/file/c0267f17a7d7ab6b59b3d63008f9cb17b44e89785ddf8ddcbf974ace49c88b7b/analysis/1490966124/;;
10f0badf01d6fe2064a8fc53e7572ddee1a785bb083ac16c932e4bdefdb9488d ;1;1;2017-03-31 13:16:57;0;59;https://www.virustotal.com/file/10f0badf01d6fe2064a8fc53e7572ddee1a785bb083ac16c932e4bdefdb9488d/analysis/1490966217/;;
1c1eeacc454423cdb74872455b5d6e3a9ed59f9bc858e4ebdc2de8a781bf929c ;1;1;2017-03-31 13:16:58;0;58;https://www.virustotal.com/file/1c1eeacc454423cdb74872455b5d6e3a9ed59f9bc858e4ebdc2de8a781bf929c/analysis/1490966218/;;
daeef81dd79a901c5acaa640e9c3432de96dd8183f962ec442776e8aaa4f0b04 ;1;1;2017-03-31 13:17:02;0;56;https://www.virustotal.com/file/daeef81dd79a901c5acaa640e9c3432de96dd8183f962ec442776e8aaa4f0b04/analysis/1490966222/;;
01086ab851b8345abff4bc32941f8f415624b909d2504971e6397865dc936eca ;1;1;2017-03-31 13:17:05;0;59;https://www.virustotal.com/file/01086ab851b8345abff4bc32941f8f415624b909d2504971e6397865dc936eca/analysis/1490966225/;;
21bb120982be250e9a91e2735df356ff6ed59e56d96176f03fee342c171f7329 ;1;1;2017-03-31 13:17:09;0;59;https://www.virustotal.com/file/21bb120982be250e9a91e2735df356ff6ed59e56d96176f03fee342c171f7329/analysis/1490966229/;;
5b3b90a8cab025c1e5c1cec31942cd025788622d9ef5b0fe76e4fc6b148a9684 ;1;1;2017-03-31 13:18:24;0;59;https://www.virustotal.com/file/5b3b90a8cab025c1e5c1cec31942cd025788622d9ef5b0fe76e4fc6b148a9684/analysis/1490966304/;;
87b55e458d3bee5baaf10ceb6929a88ae9e2b5bcca4b87fe3daacaf003b395ab ;1;1;2017-03-31 13:18:27;0;59;https://www.virustotal.com/file/87b55e458d3bee5baaf10ceb6929a88ae9e2b5bcca4b87fe3daacaf003b395ab/analysis/1490966307/;;
0a1095d08c0f179e72363586ba1b2b98a1b569bba760a4a4c69eaaa3b39af272 ;1;1;2017-03-31 13:18:30;0;59;https://www.virustotal.com/file/0a1095d08c0f179e72363586ba1b2b98a1b569bba760a4a4c69eaaa3b39af272/analysis/1490966310/;;
393e845030bcf84d5c1ab183df7c44644408237f9c72b4e3f96f72d1fafcdbb3 ;1;1;2017-03-31 13:18:34;0;59;https://www.virustotal.com/file/393e845030bcf84d5c1ab183df7c44644408237f9c72b4e3f96f72d1fafcdbb3/analysis/1490966314/;;
dbf4ed12d7205bd42069f97d60e821cf2e915a0be48228429a03179726fc4db1 ;1;1;2017-03-31 13:18:38;0;58;https://www.virustotal.com/file/dbf4ed12d7205bd42069f97d60e821cf2e915a0be48228429a03179726fc4db1/analysis/1490966318/;;
91fbd9886b3c2c1513330120483aa9e0487f204c04581675b9641e200dc1a3b9 ;1;1;2017-03-31 13:19:50;1;58;https://www.virustotal.com/file/91fbd9886b3c2c1513330120483aa9e0487f204c04581675b9641e200dc1a3b9/analysis/1490966390/;ZoneAlarm#HEUR:Trojan-Downloader.Script.Generic#20170331#1.0;
a246c4405ef622f37d26ed7cf2826e78c973685d01f96f1ce8a8757a26e5ff90 ;1;1;2017-03-31 13:19:53;0;59;https://www.virustotal.com/file/a246c4405ef622f37d26ed7cf2826e78c973685d01f96f1ce8a8757a26e5ff90/analysis/1490966393/;;
c57fe3ae10f59bb33a029c6b69576e32b7bce33bdeff102d816dfdf18bdd3ecb ;1;1;2017-03-31 13:19:56;1;59;https://www.virustotal.com/file/c57fe3ae10f59bb33a029c6b69576e32b7bce33bdeff102d816dfdf18bdd3ecb/analysis/1490966396/;ZoneAlarm#HEUR:Trojan-Downloader.Script.Generic#20170331#1.0;
98722d0285815cd135521b92cba3e3ee0d441541c78db234cf25db6fa40bd1d7 ;1;1;2017-03-31 13:20:00;0;59;https://www.virustotal.com/file/98722d0285815cd135521b92cba3e3ee0d441541c78db234cf25db6fa40bd1d7/analysis/1490966400/;;
2a19e8e56ee23d2a917b5be4718a64efc8002c5e8f6a62e82e0dac5b35a80220 ;1;1;2017-03-31 13:20:04;0;58;https://www.virustotal.com/file/2a19e8e56ee23d2a917b5be4718a64efc8002c5e8f6a62e82e0dac5b35a80220/analysis/1490966404/;;
;1;1;2017-03-31 13:02:14;1;59;https://www.virustotal.com/file/f647d61d934099934ba4e468561675acf3466c79fc80b94fc6f596d4f4b3c1a1/analysis/1490965334/;Panda#VBS/Jenxcus.A#20170330#4.6.4.2;
 ;1;1;2017-03-31 13:05:07;3;59;https://www.virustotal.com/file/350f3ec118849b23235f9586d6cce0bcfa26e49887222d35a0f0291e31bc8c53/analysis/1490965507/;Kaspersky#Virus.MSWord.Kpmv#20170331#15.0.1.13,Panda#VBS/Jenxcus.A#20170330#4.6.4.2,ZoneAlarm#Virus.MSWord.Kpmv#20170331#1.0;
