Hash-Values,File-Type,Version,String1,String2,OLE-Stream-RootEntry-clsid,OLE-Stream-RootEntry-sid,OLE-Stream-RootEntry-size,OLE-Stream-\x01CompObj-sid,OLE-Stream-\x01CompObj-size,OLE-Stream-\x05DocumentSummaryInformation-sid,OLE-Stream-\x05DocumentSummaryInformation-size,OLE-Stream-\x05SummaryInformation-sid,OLE-Stream-\x05SummaryInformation-size,OLE-Stream-Workbook-sid,OLE-Stream-Workbook-size,OLE-Stream-_VBA_PROJECT_CUR/VBA/sheet1-sid,OLE-Stream-_VBA_PROJECT_CUR/VBA/sheet1-size,CAT-QuikHeal-Signature,AVG-Signature,Ad-ware-Signature,Avast-Signature,Arcabit-Signature,ZipCRC,ZipBitFlag,Malware
0a7dc19b373125b417d005f2a0d5bfd0a46696160334cdb79a73429139078922,xls,983040,AutoOpen,"Shellexecute, Powershell.exe",?,?,?,?,?,?,?,?,?,?,?,?,?,?,?,?,?,?,?,?,yes
0b40f68217e04082693050bbabf3883860786ca0cfadedec86bc38c185c67018,xls,1048576,workbook_open,fireye_showHideSheets,00020820-0000-0000-c000-000000000046,0,16896,21,107,20,260,19,200,1,139166,5,1194,?,?,?,?,?,?,?,yes
029ff70bd8ef3474328bf2ebd9ae1bc97385c1f80581d36b1ecf197a2dc1a02e,xml,?,AutoOpen,"shellexecute, Powershell.exe",?,?,?,?,?,?,?,?,?,?,?,?,?,?,?,Trojan.GenericKD.4345437 ,?,?,0xe3c67e27,0x0006,yes
02e47df27545766f1e3a3372ed65b71814c7418b8c56a3aeac4a937ce1682284,xls,1048576,Workbook_Open,doom_ShowHideSheets,00020820-0000-0000-c000-000000000046,0,6912,13,107,12,292,11,200,1,60710,5,1005,?,?,?,?,?,?,?,yes
0467615e5b5f5352a83c8dd2913eb07a7ce543773405a29a6db410446d033d76,fpx,?,AutoOpen,"Shellexecute, Powershell.exe",?,0,9856,?,?,?,?,?,?,?,?,4,977,?,?,VB:Trojan.Valyria.18 ,?,VB:Trojan.Valyria.18,?,?,yes
0482ef4bef41aba67c21e0be23df43675848ed3b0459ee33ccad6f47040e2e31,doc,786432,AutoOpen,"Shellexecute, Powershell.exe",00020906-0000-0000-c000-000000000046,0,12544,14,121,17,316,16,480,?,?,?,?,?,?,Trojan.Downloader.JTAY ,?,Trojan.Downloader.JTAY,?,?,yes
069290ec4384e9ea0af28d795cb41e04293e25476995c9849ee11dafc9bea10a,doc,983040,AutoOpen,"Shellexecute, Powershell.exe",00020906-0000-0000-c000-000000000046,0,6976,17,114,4,4096,3,4096,?,?,8,1664,?,?,Trojan.GenericKD.4252441 ,?,?,?,?,yes
0bd4938226097634a662940c09fdefb5d5c8792c37d47007ce87433f3e8f5e9f,fpx,?,Worksheet_SelectionChange,"Shellexecute, Powershell.exe",?,0,9792,?,?,?,?,?,?,?,?,?,?,?,?,W97M.Bendis.CT ,?,?,?,?,yes
0cd9857a3f626f8e0c07495a4799c59d502c4f3970642a76882e3ed68b790f8e,?,1048576,AutoOpen,WScript.Shell,00020820-0000-0000-c000-000000000046,0,7232,17,107,16,260,15,200,1,27726,1,1005,?,?,VB:Trojan.Valyria.265 ,?,?,?,?,yes
0d60c86385359e31ec1e0044c54ec92c12839dbb7835c63f7f8efec8b80450c0,XLSM,?,AutoOpen,"Shellexecute, Powershell.exe",?,?,?,?,?,?,?,?,?,?,?,?,?,?,?,?,MO97:Dropper-BA [Trj] ,?,0x513599ac,0x0006,yes
0ef4bc551b4a98f03c19a433884cd3e0f937e9afedd0d36b52c7315f7817910b,xls,1048576,AutoOpen,"Shellexecute, Powershell.exe",00020820-0000-0000-c000-000000000046,0,7168,17,107,15,244,14,220,1,25747,5,12506,?,?,VB:Trojan.VBA.Downloader.BL ,VBA:Downloader-CFK [Trj] ,?,?,?,yes
101fde1d155aeb4ea31cb653d889c5f2f7427a71ce98b17305e85eb3f045f9a6,fpx,?,AutoOpen,"Shellexecute, Powershell.exe",?,0,8576,?,?,?,?,?,?,?,?,?,?,?,?,?,VBA:Downloader-AQD [Trj] ,?,?,?,yes
113757f1654e9dcc67331878818c3607cd197ef93ce22d145e96a90c6d94b975,xml,?,AutoOpen,"Shellexecute, Powershell.exe",?,?,?,?,?,?,?,?,?,?,?,?,?,?,?,?,MO97:Downloader-YI [Trj] ,VB:Trojan.VBA.Downloader.Q,0x7aec387e,0x0006,yes
13ae49beceb657434c85db71c11e9f309e20d62054f718a2975e6a8729be4c95,xls,983040,AutoOpen,"Shellexecute, Powershell.exe",00020820-0000-0000-c000-000000000046,0,9216,12,107,11,352,10,208,1,18239,5,2741,X97M.Dropper.DZ ,?,?,?,?,?,?,yes
14a4d4f82ee38b70bfb95bd07d542fecd27c3007e35c2b3f37bb199105b9eb99,docm,?,AutoOpen,"Shellexecute, Powershell.exe",?,?,?,?,?,?,?,?,?,?,?,?,?,?,?,W97M.Downloader.CQV ,VBA:Downloader-CFK [Trj] ,?,0x3f450766,0x0006,yes
15835571fbb5d48a3dcad62e028a3c09f3b20c6163dfa517d98ccce4dd7bbecc,fpx,?,AutoOpen,"Shellexecute, Powershell.exe",?,0,10048,?,?,?,?,?,?,?,?,?,?,?,?,VB:Trojan.Valyria.18 ,VBA:Downloader-MA [Trj] ,VB:Trojan.Valyria.18,?,?,yes
1aca96532922fea7ac9bb9b36f49975054d4f7ce2bb1b428a59f293577292adc,xls,983040,Workbook_open,"Shellexecute, Powershell.exe",00020820-0000-0000-c000-000000000046,0,21120,28,107,27,240,26,268,1,110414,14,2519,?,?,Trojan.GenericKD.4388417 ,MO97:Downloader-YI [Trj] ,?,?,?,yes
1fba2fce99f58a9b6aed523aa7002b68b6921e6a0c522d04d7c9d0775f5dcc3f,fpx,?,AutoOpen,"Shellexecute, Powershell.exe",?,0,6272,?,?,?,?,?,?,?,?,4,977,?,?,VB:Trojan.VBA.Downloader.BL ,VBA:Downloader-CFK [Trj] ,VB:Trojan.VBA.Downloader.BL,?,?,yes
20171d6d4c6bbba25eff996caa93ba0059c644d924ce4fbf94818bb37c198ffd,doc,917504,Document_Open,"Shellexecute, Powershell.exe",00020906-0000-0000-c000-000000000046,0,6528,17,114,5,4096,4,4096,?,?,?,?,?,?,VB:Trojan.Valyria.68 ,VBA:Downloader-BVC [Trj] ,?,?,?,yes
203d0717411ebb5319463d0c50701483151f05da94dd7d15fc6f93c03fb49ffc,doc,983040,AutoOpen,"Shellexecute, Powershell.exe",00020906-0000-0000-c000-000000000046,0,9280,21,114,5,4096,4,4096,?,?,?,?,?,?,Trojan.GenericKD.4683819 ,VBA:Downloader-EHL [Trj] ,?,?,?,yes
22b4e70f987020279efabfc9ea4968768348a604eecaa5f7e5ed8f3de4132b6a,docm,?,AutoOpen,"Shellexecute, Powershell.exe",?,?,?,?,?,?,?,?,?,?,?,?,?,?,?,?,VBA:Downloader-AQD [Trj], VB:Trojan.Valyria.18,0x7aec387e,0x0006,yes
26b1b5c647fe0faeebbb9dfdfd3cd63febb3b60e27964a9f5f28b9a5cadb52e0,xls,917504,AutoOpen,"Shellexecute, Powershell.exe",00020820-0000-0000-c000-000000000046,0,12992,17,107,16,224,15,224,1,12340,5,985,?,?,W97M.Downloader.CWW ,MO97:Downloader-WT [Trj] ,?,?,?,yes
282b8e0caf98385bf64527aebfc36f42fb52eee55be1066684fbd9c3dc47588c,xls,983040,AutoOpen,"Shellexecute, Powershell.exe",00020820-0000-0000-c000-000000000046,0,10752,19,107,18,244,17,224,1,15369,7,991,?,?,W97M.Downloader.CWW ,VBA:Downloader-AQD [Trj] ,?,?,?,yes
2a2dd4febb02ae78251d8324a91cd4c8a95222d59aafb65afd6d18d401125877,fpx,?,Workbook_Open,"Shellexecute, Powershell.exe",?,0,19392,?,?,?,?,?,?,?,?,6,3127,?,?,Trojan.GenericKD.4347704 ,MO97:Downloader-YI [Trj] ,?,?,?,yes
2b680083e96601de1df1b95bf4dcc0e5254539b55925af477c388de1b2153ae7,fpx,?,AutoOpen,"Shellexecute, Powershell.exe",?,0,11264,?,?,?,?,?,?,?,?,?,?,?,?,?,MO97:Downloader-WT [Trj] ,?,?,?,yes
2bb03746eeb3818fb280e3f164601df5e32d255e751d97ab3ff078f291c160f2,fpx,?,Worksheet_SelectionChange,"Shellexecute, Powershell.exe",?,0,9792,?,?,?,?,?,?,?,?,?,?,?,?,W97M.Bendis.CT ,MO97:Downloader-YI [Trj] ,?,?,?,yes
2bcf60101743614d2d86bf7ee1dd1488f471e4ee399500518b3af58e73e69bbd,xls,1048576,AutoOpen,"Shellexecute, Powershell.exe",00020820-0000-0000-c000-000000000046,0,11904,17,115,16,252,15,208,1,16063,?,?,?,?,?,MO97:Downloader-WT [Trj] ,?,?,?,yes
3046f5f50112f4fab00c439d955395d057231ab75dccb92c3efeaf6cfd337408,fpx,?,Workbook_Open,Wscript.shell,?,0,10752,?,?,?,?,?,?,?,?,8,985,?,?,?,?,?,?,?,yes
30874f673e28216b6eedf6bd704e50b3b66bbe48b0b8505a583d85c759507677,fpx,?,AutoOpen,"Shellexecute, Powershell.exe",?,0,7680,?,?,?,?,?,?,?,?,2,1017,?,?,VB:Trojan.VBA.Downloader.R ,MO97:Dropper-BA [Trj] ,HEUR.VBA.Trojan.e,?,?,yes
31d0b33b318f13b0accd12c2cf70856aa89a621aacdd986535d1dee5c26e4d1d,xls,1048576,AutoOpen,"Shellexecute, Powershell.exe",00020820-0000-0000-c000-000000000046,0,11904,17,115,16,252,15,208,1,16059,?,?,?,?,?,MO97:Downloader-WT [Trj] ,?,?,?,yes
31db0841c3975be5395f13c894b7e444d150cc701487b756fff43ce78d98b1e6,xls,1048576,Workbook_Open,fireeye_ShowHideSheets,00020820-0000-0000-c000-000000000046,0,6976,13,107,12,260,11,200,1,28110,5,1005,?,?,W97M.Downloader.DWU ,VBA:Downloader-CFG [Trj] ,?,?,?,yes
3367831ca98bc150efc1c667f076350aeae87573875d742464bad75fd138735d,xls,983040,AutoOpen,"Shellexecute, Powershell.exe",00020820-0000-0000-c000-000000000046,0,10112,18,107,17,244,16,208,1,15369,7,5624,?,?,?,?,?,?,?,yes
3611f6fb760cbae84efe04311d4cac9a27bc527d05533c010402cf44ed04b066,fpx,?,Worksheet_Activate,Worksheet_Change,?,0,77056,?,?,?,?,?,?,?,?,?,?,?,?,?,?,?,?,?,yes
370c801120fb9c4b1dfbfc59d366c474a30bbe2d6ec9f077da2e2bb9b186e31f,fpx,?,AutoOpen,"Shellexecute, Powershell.exe",?,0,8448,?,?,?,?,?,?,?,?,?,?,?,?,?,VBA:Downloader-MA [Trj] ,?,?,?,yes
3792ee16e22b0e0634f1914306b0b997db1c4111ea504f88dafd6e63a0ad2d6e,xls,983040,AutoOpen,"Shellexecute, Powershell.exe",00020820-0000-0000-c000-000000000046,0,12288,17,102,16,236,15,208,1,16353,?,?,?,?,?,MO97:Downloader-RO [Trj] ,?,?,?,yes
3a6660717f7473aa6c885a8a79b640b4c84543bfb5d3dc362e00e0b42163bab6,docm,?,AutoOpen,"Shellexecute, Powershell.exe",?,?,?,?,?,?,?,?,?,?,?,?,?,?,?,?,VBA:Downloader-CFK [Trj] ,?,0x7aec387e,0x0006,yes
3ef24bf0664d88f9a85c7dc942607596bc302059ec722a3318ca7ee2e1bbae31,xls,1048576,AutoOpen,"Shellexecute, Powershell.exe",?,0,11904,17,115,16,252,15,208,1,16059,?,?,?,W97M/PWS ,Trojan.GenericKD.4092688 ,MO97:Downloader-WT [Trj] ,?,?,?,yes
3fc2cb4f9b9fce0a498a6811569d3a8163bb5c0bb8da1413ad9ae3eea0ff0b55,fpx,?,AutoOpen,"Shellexecute, Powershell.exe",?,0,7104,?,?,?,?,?,?,?,?,4,1140,?,W97M/PWS ,VB:Trojan.VBA.Downloader.Y ,VBA:Downloader-CFK [Trj] ,VB:Trojan.VBA.Downloader.Y,?,?,yes
415a3f20ef51d2471345519f4af95c19805c33d9e9bdb27284c12484cf623cb1,fpx,?,Workbook_Open,"Shellexecute, Powershell.exe",?,0,7104,?,?,?,?,?,?,?,?,3,977,?,W97M/PWS ,VB:Trojan.VBA.Downloader.R ,MO97:Dropper-BA [Trj] ,?,?,?,yes
463d50fb913fd044adf410483841fac32ebe13882dc7dcd02ee1ff49795f734d,xlsm,?,Workbook_Open,"Shellexecute, Powershell.exe",?,?,?,?,?,?,?,?,?,?,?,?,?,?,W97M/PWS ,?,MO97:Dropper-BA [Trj] ,?,0x2366ac8e,0x0006,yes
464f81482d55cbc7571a7c0b855bbd717c2c6645c43e6e3d08bfa46039184306,xls,1048576,AutoOpen,"Shellexecute, Powershell.exe",00020820-0000-0000-c000-000000000046,0,11904,17,115,16,252,15,208,1,16059,?,?,?,W97M/PWS ,?,MO97:Downloader-WT [Trj] ,?,?,?,yes
468a95a13ef88a7f545c6466ababe50d549ba39361c938c2615a84a47ac562c0,xls,917504,Workbook_Open,"Shellexecute, Powershell.exe",00020820-0000-0000-c000-000000000046,0,11136,16,107,15,264,14,224,1,80302,7,985,?,?,Trojan.GenericKD.4127446 ,MO97:Dropper-BA [Trj] ,?,?,?,yes
46d08dbe74eea0281de0aa0f459116fb228a9df9e0339eadf6649bc3cd19cd38,xlsm,?,AutoOpen,"Shellexecute, Powershell.exe",?,?,?,?,?,?,?,?,?,?,?,?,?,?,?,VBA.Downloader.1.Gen ,VBA:Downloader-DTE [Trj] ,?,0xd6d94739,0x0006,yes
47f371a0059f80348049674e4cdd1784b94a2b2da03aecba8d5d1ad415d05ff1,fpx,?,Workbook_Open,"Shellexecute, Powershell.exe",?,0,8256,?,?,?,?,?,?,?,?,?,?,?,?,?,?,?,?,?,yes
47f764ef3df2cb81be3e8676e2136348769352b3b3dcea2c0b1750a09126d688,doc,1048576,GetKeyThenDecrypt,ProcessImage,00020906-0000-0000-c000-000000000046,0,7744,41,114,40,280,39,412,?,?,?,?,?,?,?,?,?,?,?,yes
4858f21606fe660b9258b9c3e142ec2d70e0dcc50ec42b50a96004a8cd37dd5e,fpx,?,AutoOpen,"Shellexecute, Powershell.exe",?,0,10368,?,?,?,?,?,?,?,?,?,?,?,?,?,VBA:Downloader-DXY [Trj] ,?,?,?,yes
488227843789c437b98ead1afabababd7957019f88ed893c52539ab5acd5dd91,xls,1048576,Workbook_Open,"Shellexecute, Powershell.exe",00020820-0000-0000-c000-000000000046,0,10816,19,107,18,244,17,224,1,15434,10,985,?,?,Trojan.GenericKD.4458276 ,VBA:Downloader-ENG [Trj] ,?,?,?,yes
4a08c6be643bf13256fbb187e9ee176a9332b41c4bf3a21740edb454bd5c739c,fpx,?,Workbook_Open,FS.CreateTextFile,?,0,7808,?,?,?,?,?,?,?,?,?,?,?,?,?,MO97:Downloader-YI [Trj] ,?,?,?,yes
4ad35d86dade23097c45fac0e3eade2d580f1a437fcc7e44751ca2802d6d7707,xlsm,?,AutoOpen,"Shellexecute, Powershell.exe",?,?,?,?,?,?,?,?,?,?,?,?,?,?,W97M/PWS ,?,VBA:Downloader-AQD [Trj] ,VB:Trojan.Valyria.18,0x66e51af1,0x0006,yes
4b0776feb8cdf642287a53cd83a11ff4cad6e42ec3688d5dc5e6b68be7ca6ed1,xls,983040,AutoOpen,"Shellexecute, Powershell.exe",00020820-0000-0000-c000-000000000046,0,9920,19,107,18,244,17,200,1,12237,5,1180,?,W97M/PWS ,VB:Trojan.VBA.Downloader.Q ,VBA:Downloader-BNR [Trj] ,VB:Trojan.VBA.Downloader.Q,?,?,yes
4b0ab9090fcaaa8422c10950abe5ec8a4b2e13ea0ea2105cc234abcc088f8a90,fpx,?,AutoOpen,"Shellexecute, Powershell.exe",?,0,12032,?,?,?,?,?,?,?,?,?,?,?,W97M/Downloader ,VB:Trojan.Valyria.18 ,VBA:Downloader-MA [Trj] ,VB:Trojan.Valyria.18,?,?,yes
4b5112f0fb64825b879b01d686e8f4d43521252a3b4f4026c9d1d76d3f15b281,xls,1048576,AutoOpen,"Shellexecute, Powershell.exe",00020820-0000-0000-c000-000000000046,0,11904,18,107,17,260,16,200,1,27018,7,1164,X97M.Dropper.X,W97M/PWS ,?,VBA:Downloader-BRR [Trj] ,?,?,?,yes
4c64ee3f90f6b103963823364c7f9c6af81a5281c02e0c846ef51c5cca9bf624,fpx,?,Document_Open,"Shellexecute, Powershell.exe",?,0,3520,?,?,?,?,?,?,?,?,?,?,?,W97M/PWS ,VB:Trojan.VBA.Downloader.R ,VBA:Downloader-BIS [Trj] ,?,?,?,yes
4cec05939cebd23e0d9405d0c82ab7dd19158be503dbe60636b706642d425d31,xls,917504,Workbook_Open,"Shellexecute, Powershell.exe",00020820-0000-0000-c000-000000000046,0,7744,14,107,13,244,12,224,1,13261,5,977,?, W97M/PWS ,W97M.Downloader.EFB ,MO97:Dropper-BA [Trj] ,HEUR.VBA.Trojan.e,?,?,yes
4dbfffb9028f6aab22645ea871e382a2584b34f0457666400524e1c2ff8ae7a5,fpx,?,AutoOpen,"Shellexecute, Powershell.exe",?,0,9472,?,?,?,?,?,?,?,?,?,?,?,?,?,VBA:Downloader-AQD [Trj] ,?,?,?,yes
4e5b85ea68bf8f2306b6b931810ae38c8dff3679d78da1af2c91032c36380353,xls,983040, Workbook_Open,fireeye_ShowHideSheets,00020820-0000-0000-c000-000000000046,0,7680,16,107,15,260,14,200,1,27867,7,991,?,W97M/PWS ,W97M.Downloader.DLN ,VBA:Downloader-BRR [Trj] ,?,?,?,yes
4e7d32ec18e10efb6ad2a76736d7789873a376a2b5bf38219e7949828c3fa610,xls,983040,AutoOpen,"Shellexecute, Powershell.exe",00020820-0000-0000-c000-000000000046,0,11008,17,102,16,236,15,208,1,16353,?,?,?,W97M/PWS ,?,MO97:Downloader-RO [Trj] ,?,?,?,yes
4fad15419fad0e10b1068ac2f86468a143691a187b91f16f90b806dec4384f33,fpx,?,AutoOpen,"Shellexecute, Powershell.exe",?,0,6656,?,?,?,?,?,?,?,?,4,1140,?,W97M/PWS ,VB:Trojan.VBA.Downloader.BL ,VBA:Downloader-CFK [Trj] ,VB:Trojan.VBA.Downloader.BL,?,?,yes
5433541dc7f63a854e9e346332b2318813c4d9e564b67fd85ef77e2b555c2c97,xltm,?,Workbook_Open,"Shellexecute, Powershell.exe",?,?,?,?,?,?,?,?,?,?,?,?,?,?,W97M/PWS ,VB:Trojan.VBA.Downloader.R ,MO97:Dropper-BA [Trj] ,?,0xb72b7965,0x0006,yes
550e7b2a8ba0fe83ea1374a31928c15e86ee61493a9698a48d413489c21fc9cf,doc,786432,AutoOpen,"Shellexecute, Powershell.exe",00020906-0000-0000-c000-000000000046,0,6720,14,125,5,4096,4,4096,?,?,?,?,?,?,VB:Trojan.Valyria.18 ,MO97:Dropper-BA [Trj] ,?,?,?,yes
55b7ad7714684e819db612791a9bd6ad5d0233ffd2d28f19b28e25abea733b6c,doc,983040,AutoOpen,cmd.exe ,00020906-0000-0000-c000-000000000046,0,4864,13,114,4,4096,3,4096,?,?,?,?,?,?,Trojan.GenericKD.4098711 ,JS:ADODB-BM [Expl] ,?,?,?,yes
55ef1df8400489e6892b7bb958846cf014ba8a3263da29c153e837fe453c4c45,docm,?,Wscript.shell,"Shellexecute, Powershell.exe",?,?,?,?,?,?,?,?,?,?,?,?,?,?,?,?,?,?,0x7aec387e,0x0006,yes
561f543f2a4aed9e2c94b94962809641a8cdac25343fcd4ed8fa88a5d9d7f8d1,fpx,?,Workbook_Open,"Shellexecute, Powershell.exe",?,0,7680,?,?,?,?,?,?,?,?,3,993,?,W97M/PWS ,?,MO97:Downloader-YI [Trj] ,?,?,?,yes
58dafac0713bbd64c69957c135dcfb2bc8f9a8ebe7211fb8a3f4357b36c8c9e9,xls,786432,AutoOpen,"Shellexecute, Powershell.exe",00020820-0000-0000-c000-000000000046,0,13440,19,142,18,412,17,208,1,371228,8,993,?,W97M/PWS ,VB:Trojan.Valyria.302 ,MO97:Downloader-RO [Trj] ,?,?,?,yes
58de026a2064f881d6979699ce0b1b3d58e4fe445f34457783655b0f45d35d6e,xls,983040,AutoOpen,"Shellexecute, Powershell.exe",00020820-0000-0000-c000-000000000046,0,11008,17,102,16,236,15,208,1,16353,?,?,?,W97M/PWS ,?,MO97:Downloader-RO [Trj] ,?,?,?,yes
590d4f5a72c9145f667d4efb7d20e85aaec1e744e81902513691c88e6958373f,fpx,?,Workbook_Open,"Shellexecute, Powershell.exe",?,0,8256,?,?,?,?,?,?,?,?,?,?,?,?,VBA.Downloader.1.Gen ,VBA:Downloader-DTE [Trj] ,?,?,?,yes
598d29101741e126df80f3a374726c2789300a798a2420f743b20ab0ff017b91,fpx,?,Worksheet_SelectionChange,"Shellexecute, Powershell.exe",?,0,9792,?,?,?,?,?,?,?,?,8,1664,?,W97M/PWS ,W97M.Bendis.CT ,MO97:Downloader-YI [Trj] ,?,?,?,yes
5bdc9bbff94b621076bbea225e7295e3207b4cf27f1b3bcf25153342e98995e8,xls,1048576,AutoOpen,"Shellexecute, Powershell.exe",00020820-0000-0000-c000-000000000046,0,9664,17,111,16,236,15,224,1,16918,?,?,?,W97M/PWS ,W97M.Downloader.CWW ,VBA:Downloader-ALJ [Trj] ,W97M.Downloader.CWW,?,?,yes
5ddd8e46ff96534752218e3ba7dae06b4dcc7cec4f8220f7c21990aec3809acc,doc,917504,Workbook_Open,"Shellexecute, Powershell.exe",00020906-0000-0000-c000-000000000046,0,4800,13,114,4,4096,3,4096,?,?,?,?,?,W97M/PWS ,VBA.Downloader.1.Gen ,MO97:Downloader-YI [Trj] ,HEUR.VBA.Trojan.e,?,?,yes
5e0e0b663e253516664ac37e7ab8374b89841a3e738768edd3da40756ae1e13d,doc,1048576,AutoOpen,"Shellexecute, Powershell.exe",00020906-0000-0000-c000-000000000046,0,13952,38,114,26,364,25,412,?,?,?,?,?,?,VB:Trojan.VBA.Downloader.AA ,MO97:Downloader-YI [Trj] ,VB:Trojan.VBA.Downloader.AA,?,?,yes
606f28c0b00cdf6bad7716fe6a1e53053e78f99010fc7fd47d37f2bf349fdad0,fpx,?,Workbook_Open,"Shellexecute, Powershell.exe",?,0,7168,?,?,?,?,?,?,?,?,3,991,?,W97M/PWS ,W97M.Downloader.EFB ,VBA:Downloader-BIS [Trj] ,HEUR.VBA.Trojan.e,?,?,yes
6280fb6032169985d331c4104ba3be5018e4eab9420c260e75b07a5b573c4d22,doc,1048576,AutoOpen,"Shellexecute, Powershell.exe",00020906-0000-0000-c000-000000000046,0,10944,20,114,5,4096,4,4096,?,?,?,?,?,?,?,?,?,?,?,yes
636ef19d58508ff7e1bdf2c947fc1cc3d05b0fc534f4cf64e0baf30410561a78,fpx,?,Workbook_Open,"Shellexecute, Powershell.exe",?,0,8384,?,?,?,?,?,?,?,?,4,977,?,W97M/PWS ,VBA.Downloader.1.Gen ,MO97:Downloader-YI [Trj] ,HEUR.VBA.Trojan.e,?,?,yes
662c53e69b66d62a4822e666031fd441bbdfa741e20d4511c6741ec3cb02475f,xls,1048576,Workbook_Open,"Shellexecute, Powershell.exe",00020820-0000-0000-c000-000000000046,0,11904,18,107,17,260,16,200,1,26511,7,1164,X97M.Dropper.XJ,W97M/PWS ,?,VBA:Downloader-BRR [Trj] ,?,?,?,yes
66d24a529308d8ab7b27ddd43a6c2db84107b831257efb664044ec4437f9487b,doc,983040,Document_Open,"Shellexecute, Powershell.exe",00020906-0000-0000-c000-000000000046,0,7104,20,114,12,360,11,576,?,?,?,?,?,W97M/PWS ,W97m.Downloader.FAN ,VBA:Downloader-CFK [Trj] ,?,?,?,yes
67620fcfec339e676605145f2c503f386a8e5082d12599f077f22decd9ad0107,xls,983040,AutoOpen,"Shellexecute, Powershell.exe",00020820-0000-0000-c000-000000000046,0,11008,17,102,18,236,15,208,1,16353,?,?,?,W97M/PWS ,?,MO97:Downloader-RO [Trj] ,?,?,?,yes
67886c07282b5e4878dd9edb1dc973b292a5200783bf26560bfe75acd717c6e3,xls,917504,AutoOpen,"Shellexecute, Powershell.exe",00020820-0000-0000-c000-000000000046,0,16896,21,107,20,244,19,208,1,371242,8,993,?,W97M/PWS ,?,MO97:Downloader-RO [Trj] ,?,?,?,yes
67d567ae0ff4bde9726979510e0e76fccf81d16acdea0630a14db3d2859f4dcd,xls,1048576,AutoOpen,"Shellexecute, Powershell.exe",00020820-0000-0000-c000-000000000046,0,13120,17,110,16,248,15,224,1,15940,?,?,?,W97M/PWS ,Trojan.GenericKD.4403867 ,VBA:Downloader-AQD [Trj] ,?,?,?,yes
67e1a8de6343517d47f530c92678b2e61be66a156e21813a25cd49589163c0e7,fpx,?,Workbook_Open,"Shellexecute, Powershell.exe",?,0,10368,?,?,?,?,?,?,?,?,6,985,?,?,Trojan.GenericKD.4681931 ,VBA:Downloader-EYB [Trj] ,?,?,?,yes
6a732268d4625bc8a86de3b490749a665c65d024fcda1771a0c5775e354fa1a3,fpx,?,Document_Close,"Shellexecute, Powershell.exe",?,0,6336,?,?,?,?,?,?,?,?,?,?,?,?,?,?,?,?,?,yes
6bdf4647d2a6dd60ad793e3f181fff4c9e47aec6428b2b9e52978c68343ae6c6,xls,917504,Workbook_Open,"Shellexecute, Powershell.exe",00020820-0000-0000-c000-000000000046,0,11136,16,107,15,264,14,224,1,80302,7,985,?,MSIL11.GIN ,VB:Trojan.Valyria.285 ,MO97:Dropper-BA [Trj] ,?,?,?,yes
6fdaeebd17ff086d60038e655e96706e6f7f7e1446a64365c13285aeb7f2ee14,xls,983040,Debugging,"Shellexecute, Powershell.exe",00020820-0000-0000-c000-000000000046,0,7424,16,107,15,244,14,216,1,38932,7,977,?,W97M/PWS ,VB:Trojan.VBA.Downloader.Q ,MO97:Downloader-YI [Trj] ,?,?,?,yes
71aae3b00139f347cc8623919e7bbc9570f5a1277111e5791a7e576650f8a1aa,docm,?,Document_Open,"Shellexecute, Powershell.exe",?,?,?,?,?,?,?,?,?,?,?,?,?,?,?,?,MO97:Downloader-YI [Trj] ,?,0x7aec387e,0x0006,yes
7303023395a187f210d9b74eec89e76b755f1fb057c1e37337f048fdf4c0fec7,fpx,?,Payload,"Shellexecute, Powershell.exe",?,0,8128,?,?,?,?,?,?,?,?,?,?,?,W97M/PWS ,?,VBA:Downloader-AQD [Trj] ,?,?,?,yes
75bd5a13bcb7684997c9ac8757a005e9d26ffcbbc21f67eaab28f94f1adf2a86,fpx,?,AutoOpen,"Shellexecute, Powershell.exe",?,0,11264,?,?,?,?,?,?,?,?,?,?,?,W97M/PWS ,?,?,?,?,?,yes
779a24707f58b8de2deb7284c45e5a7116420bda82099e0476e5fad356c2ccdf,fpx,?,AutoOpen,"Shellexecute, Powershell.exe",?,0,3712,?,?,?,?,?,?,?,?,?,?,?,W97M/PWS ,VB:Trojan.VBA.Downloader.Q ,MO97:Downloader-YI [Trj] ,VB:Trojan.VBA.Downloader.Q,?,?,yes
78088d12d37307763c9abf5c876f3b6327b16f2edc2dd9b3959b207e0957dfbc,xls,983040,AutoOpen,"Shellexecute, Powershell.exe",00020820-0000-0000-c000-000000000046,0,12416,17,102,16,236,15,208,1,16353,?,?,?,W97M/PWS ,?,MO97:Downloader-RO [Trj] ,?,?,?,yes
7a5773691c48435d07841f811734d44dde4c371a2f6d61b4f46111856dcb04a2,fpx,?,kernel32,"Shellexecute, Powershell.exe",?,0,3456,?,?,?,?,?,?,?,?,?,?,?,?,?,XML:ApplockBypass-A [Expl] ,?,?,?,yes
7b9583d4e01fb4b00a42ac22e2036ec4c07ff52b62214f13bccfaaaaac73cad2,fpx,?,Document_Close,"Shellexecute, Powershell.exe",?,0,3968,?,?,?,?,?,?,?,?,?,?,?,?,?,?,?,?,?,yes
7ca07a0a5523933212bedbae55f5a3f3ae84e31d08c6766b948e076ceee321c0,doc,786432,Document_Open,"Shellexecute, Powershell.exe",00020906-0000-0000-c000-000000000046,0,4992,12,121,4,4096,3,4096,?,?,?,?,?,?,VBA.Downloader.2.Gen ,JS:Downloader-DLE [Trj] ,?,?,?,yes
8109d6aabc49e837478bd803a8b247015a561c03e6ef157329c43758b18c1147,doc,1048576,AutoOpen,"Shellexecute, Powershell.exe",00020906-0000-0000-c000-000000000046,0,7168,19,114,4,4096,3,4096,?,?,?,?,?,?,W97M.Downloader.CQV ,VBA:Downloader-CFK [Trj] ,?,?,?,yes
812f67eba6f6cf60ef28fc8c108ed0e51c509af7d4834db78893a199c239f5f8,?,?,Workbook_Open,"Shellexecute, Powershell.exe",?,0,9536,?,?,?,?,?,?,?,?,?,?,?,W97M/PWS ,VB:Trojan.VBA.Downloader.Q ,MO97:Downloader-YI [Trj] ,?,?,?,yes
847dff941e2fd99114da132a785e2cee8f153a1dbf8870d40be24079a88895ae,xls,1048576,AutoOpen,"Shellexecute, Powershell.exe",00020820-0000-0000-c000-000000000046,0,9600,17,111,16,236,15,224,1,16918,?,?,?,W97M/PWS ,Trojan.GenericKD.4349091 ,VBA:Downloader-ALJ [Trj] ,?,?,?,yes
86042c363c65c335aec8c5109ff78da4de0a1822ab13c8edbde382ec3c5a1767,fpx,?,AutoOpen,"Shellexecute, Powershell.exe",?,0,6272,?,?,?,?,?,?,?,?,?,?,?,W97M/PWS ,VB:Trojan.Valyria.18 ,VBA:Downloader-AQD [Trj] ,?,?,?,yes
86fb193241045128a5d0c26b9d861211749eb9505320b00f42203fd0f9e19408,xlsm,?,Workbook_Open,"Shellexecute, Powershell.exe",?,?,?,?,?,?,?,?,?,?,?,?,?,?,?,?,?,?,0xf705e893,0x0006,yes
89daa4e38ce9313a24f53bbc9d4cab2e387fa738d3354bd509527c30653c703c,fpx,?,AutoOpen,"Shellexecute, Powershell.exe",?,0,10560,?,?,?,?,?,?,?,?,?,?,?,?,VBA.Downloader.2.Gen ,MO97:Downloader-WT [Trj] ,?,?,?,yes
8a209048f47493b669990b374b65dcf589cff9761ba0c00c0c9123906a9aa497,fpx,?,AutoOpen,"Shellexecute, Powershell.exe",?,0,6656,?,?,?,?,?,?,?,?,?,?,?,W97M/PWS ,?,MO97:Downloader-YI [Trj] ,?,?,?,yes
8c2c60852ae8d77a82901b9ae87aa92a0471e7df766ca94744b752bb0a2c6224,fpx,?,Workbook_Open,"Shellexecute, Powershell.exe",?,0,19072,?,?,?,?,?,?,?,?,5,3550,?,?,Trojan.GenericKD.4417727 ,VBA:Downloader-DLN [Trj] ,?,?,?,yes
8ec94580ba5e31493e0d89979d7ad10029f044448ffe763cdde78ced39f03c43,doc,1048576,GetKeyThenDecrypt,"Shellexecute, Powershell.exe",00020906-0000-0000-c000-000000000046,0,5824,23,114,14,280,13,384,?,?,?,?,?,?,?,MO97:Downloader-YI [Trj] ,?,?,?,yes
8f692b9e7ad1b3ef9f1655a2756464f08f8c46d128335fb1dcef7db8f1945ec1,fpx,?,Workbook_Open,"Shellexecute, Powershell.exe",?,0,7104,?,?,?,?,?,?,?,?,?,?,?,W97M/PWS ,VB:Trojan.VBA.Downloader.R ,MO97:Dropper-BA [Trj] ,?,?,?,yes
8fa61f6fbac5c9b4ea1b434559236bcda5363e0f989263b23ac563a332a2586c,fpx,?,AutoOpen,"Shellexecute, Powershell.exe",?,0,8576,?,?,?,?,?,?,?,?,?,?,?,?,Trojan.GenericKD.4394197 ,VBA:Downloader-BNR [Trj] ,?,?,?,yes
9016208737e4cb01c5b761332a59709cc4578653a5596a637008d2aece97b446,xls,983040,Debugging,"Shellexecute, Powershell.exe",00020820-0000-0000-c000-000000000046,0,7424,16,107,15,244,14,216,1,38932,7,977,?,W97M/PWS ,VB:Trojan.VBA.Downloader.Q ,MO97:Downloader-YI [Trj] ,?,?,?,yes
91746786d3db211a33bfb851029cb3b42224cbc1d01f8b45d8ab4d6ef872ab81,doc,1048576,Execute,"Shellexecute, Powershell.exe",00020906-0000-0000-c000-000000000046,0,13376,26,114,10,624,9,380,?,?,?,?,?,W97M/PWS ,Trojan.GenericKD.4413245 ,BV:Downloader-HV [Trj] ,?,?,?,yes
91a5bbe6e97b03463fb62424ad21db7acf14dc20a3bfc8d81b3b7fadac7d9426,fpx,?,AutoOpen,"Shellexecute, Powershell.exe",?,0,4992,?,?,?,?,?,?,?,?,?,?,?,W97M/PWS ,VB:Trojan.VBA.Downloader.Q ,VBA:Downloader-BNR [Trj] ,?,?,?,yes
92605564cb6cd5ffd63df4e9d33592c530f898f7d6ec7fc7666b6527a013dd7b,doc,1048576,test,"Shellexecute, Powershell.exe",00020906-0000-0000-c000-000000000046,0,13568,17,114,4,4096,3,4096,?,?,?,?,?,?,?,?,?,?,?,yes
93940b5e764f2f4a2d893bebef4bf1f7d63c4db856877020a5852a6647cb04a0,xls,1048576,Workbook_Open,"Shellexecute, Powershell.exe",00020820-0000-0000-c000-000000000046,0,5696,12,107,11,260,10,200,1,56967,5,991,?,W97M/PWS ,W97M.Downloader.DLN ,VBA:Downloader-BRR [Trj] ,?,?,?,yes
93fa3f009b4d5e0a51d6dadbb64e5e51c94bd4b0dd4b344e264ec1f54a016a19,xls,1048576,AutoOpen,"Shellexecute, Powershell.exe",00020820-0000-0000-c000-000000000046,0,7104,16,107,15,252,14,208,1,169763,?,?,?,?,?,MO97:Downloader-YI [Trj] ,?,?,?,yes
95708eda83705723dd43b057ab79730466f1d3845a62757db5748ff2c81706b5,doc,983040,image,"Shellexecute, Powershell.exe",00020906-0000-0000-c000-000000000046,0,7552,18,114,5,4096,4,4096,?,?,?,?,?,W97M/PWS ,Trojan.GenericKD.4165449 ,VBA:Downloader-DOO [Trj] ,?,?,?,yes
95e07c11c553cd04d45388ed3d529c7da480e37d58c29fa5f2db6ad7cafc7f05,xls,726599,AutoOpen,"Shellexecute, Powershell.exe",00020820-0000-0000-c000-000000000046,0,10240,14,109,13,272,12,224,1,2306,5,977,?,W97M/PWS ,Trojan.GenericKD.4428435 ,VBA:Downloader-CFK [Trj] ,?,?,?,yes
9a720fd309ba57b7ce68d4a4ee2645b513a14f8d35610b82e018d1225e278343,docm,?,AutoOpen,"Shellexecute, Powershell.exe",?,?,?,?,?,?,?,?,?,?,?,?,?,?,W97M/PWS ,?,MO97:Downloader-YI [Trj] ,VB:Trojan.VBA.Downloader.Q,0x7aec387e,0x0006,yes
9d9a7ecbec4d98b5319fd5524d17740eca3ab7b2451b204c01693fc04d18f5a5,xlsm,?,Workbook_Open,"Shellexecute, Powershell.exe",?,?,?,?,?,?,?,?,?,?,?,?,?,?,W97M/PWS ,?,MO97:Dropper-BA [Trj] ,?,0x68dd12df,0x0006,yes
9e091f07d8a56e8205c272b0ef7ee01181316f54d4d3c525f3f56c3787171f61,fpx,?,AutoOpen,"Shellexecute, Powershell.exe",?,0,3520,?,?,?,?,?,?,?,?,?,?,?,W97M/PWS ,W97M.Downloader.CQV ,VBA:Downloader-CFK [Trj] ,?,?,?,yes
9e5fedb07deb9bd92572cfc36b3fcee09e021fa839f1d4b91cfbe345c70b2bae,fpx,?,AutoOpen,"Shellexecute, Powershell.exe",?,0,9984,?,?,?,?,?,?,?,?,?,?,?,W97M/PWS ,VB:Trojan.VBA.Downloader.Q ,MO97:Downloader-YI [Trj] ,?,?,?,yes
9f94ebf3f08b010959b2ce5b64b9a0785374186e0638d50003c05508bf65892f,doc,1048576,AutoOpen,"Shellexecute, Powershell.exe",00020906-0000-0000-c000-000000000046,0,3648,12,114,4,4096,3,4096,?,?,?,?,?,W97M/PWS ,VB:Trojan.VBA.Downloader.R ,MO97:Dropper-BA [Trj] ,HEUR.VBA.Trojan.e,?,?,yes
9f9cff585b57d0b15629dcfa52f0f92b1548d7492038375df2ed1794513f96b8,fpx,?,Document_Open,"Shellexecute, Powershell.exe",?,0,7424,?,?,?,?,?,?,?,?,?,?,?,?,?,MO97:Downloader-YI [Trj] ,?,?,?,yes
a2a8454c78cb0040566e213ff457acedf0989dce3299c7ebfa89bf15a35377d7,xlsm,?, Workbook_Open,"Shellexecute, Powershell.exe",?,?,?,?,?,?,?,?,?,?,?,?,?,?,W97M/PWS ,?,MO97:Downloader-YI [Trj] ,?,?,?,yes
a400c1f7ab08bad111e3cef98e9d3bf08cfd2950635d236c3603e64f7e40f2dc,docm,?,ObtainFirewallInfo_Click,"Shellexecute, Powershell.exe",?,?,?,?,?,?,?,?,?,?,?,?,?,?,?,Trojan.GenericKD.4333650 ,MO97:Downloader-YI [Trj] ,?,0x3f450766,0x0006,yes
a9494160edd4cffb5eb297e361af8fbddf6ae26b38306aa000e75a0f24f75a00,fpx,?,Document_Open,"Shellexecute, Powershell.exe",?,0,7488,?,?,?,?,?,?,?,?,?,?,?,?,VBA.Downloader.2.Gen ,MO97:Downloader-WT [Trj] ,?,?,?,yes
a984910342f93d097d2770791cc5f4c427fb54091d586ac54d6e48beb64e67f8,fpx,?,Document_Open,"Shellexecute, Powershell.exe",?,0,6592,?,?,?,?,?,?,?,?,?,?,?,?,VBA.Downloader.2.Gen ,MO97:Downloader-WT [Trj] ,?,?,?,yes
a9a65b01eae3d54c3b790436ae67fb41408109fa8577b0fd0f520f3213fcf097,fpx,?,AutoOpen,"Shellexecute, Powershell.exe",?,0,6592,?,?,?,?,?,?,?,?,?,?,?,W97M/PWS ,VB:Trojan.VBA.Downloader.BL ,VBA:Downloader-CFK [Trj] ,VB:Trojan.VBA.Downloader.BL,?,?,yes
ace9f2873a338fe1b420897dafea3a2b93c42dbf3138357951613f6df7797e14,fpx,?,Workbook_Open,"Shellexecute, Powershell.exe",?,0,76160,?,?,?,?,?,?,?,?,3,985,?,?,?,?,?,?,?,yes
ad9a2b5e1a40d3d6377028cb6219a5b11198fa2098ff26367b82a2925ea24121,docm,?,AutoOpen,"Shellexecute, Powershell.exe",?,?,?,?,?,?,?,?,?,?,?,?,?,?,?,Trojan.GenericKD.4394197 ,VBA:Downloader-BNR [Trj] ,?,0x7aec387e,0x0006,yes
af29c263e74e5a53d38bf2454244a1b4978b586c35f83c9483dd08736041fd01,doc,1048576,GetKeyThenDecrypt,"Shellexecute, Powershell.exe",00020906-0000-0000-c000-000000000046,0,9408,22,114,14,280,13,384,?,?,?,?,?,?,?,?,Trojan.Generic.D42C164,?,?,yes
b0c2942dfb45714916dbed290fd7add2eeeb203dd29ddc501ea81ac3a8403174,fpx,?,AutoOpen,"Shellexecute, Powershell.exe",?,0,6976,?,?,?,?,?,?,?,?,?,?,?,?,VBA.Downloader.2.Gen ,JS:Downloader-DLE [Trj] ,?,?,?,yes
b2105f9fa01d38a837995ad7a71dad4150865febe318a5c0efc8f0660b33fb42,fpx,?,AutoOpen,"Shellexecute, Powershell.exe",?,0,5248,?,?,?,?,?,?,?,?,?,?,?,W97M/PWS ,VB:Trojan.VBA.Downloader.Q ,MO97:Downloader-YI [Trj] ,?,?,?,yes
b5b66f76115cb8808f53671e3ebbf8ee91303ecdaef7e93b1c7220fdfd38aece,docm,?,AutoOpen,"Shellexecute, Powershell.exe",?,?,?,?,?,?,?,?,?,?,?,?,?,?,?,Trojan.GenericKD.4169797 ,MO97:Downloader-YI [Trj] ,Trojan.Generic.D3FA045,0x7aec387e,0x0006,yes
b5b679c238e8187c0171c406b8c33fdab64e68396cc164b3ce92bc96c3bc6b6c,xls,1048576,AutoOpen,"Shellexecute, Powershell.exe",00020820-0000-0000-c000-000000000046,0,11904,17,115,16,252,15,208,1,16059,?,?,?,W97M/PWS ,?,MO97:Downloader-WT [Trj] ,?,?,?,yes
b6e25b593006e9ec8b4567018ca0f249dbf173ab4f5a7ef1181d1a8444ebf6db,xls,1048576,AutoOpen,"Shellexecute, Powershell.exe",00020820-0000-0000-c000-000000000046,0,8768,17,107,16,244,15,224,1,15570,5,977,?,W97M/PWS ,W97M.Downloader.CWW ,MO97:Downloader-WT [Trj] ,W97M.Downloader.CWW,?,?,yes
b815f27e538632267d99db84848a971331f99ef296fd4be99661aea5ebeea4ed,fpx,?,AutoOpen,"Shellexecute, Powershell.exe",?,0,11264,?,?,?,?,?,?,?,?,?,?,?,W97M/PWS ,MO97:Downloader-WT [Trj] ,?,?,?,?,yes
b81b09ce2decb473caab27f4b406b65a5fb82d5b41fcc839b92807077bd8eead,doc,983040,Document_Open,"Shellexecute, Powershell.exe",00020906-0000-0000-c000-000000000046,0,3712,12,114,4,4096,3,4096,?,?,?,?,?,W97M/PWS ,VB:Trojan.VBA.Downloader.R ,MO97:Dropper-BA [Trj] ,HEUR.VBA.Trojan.e,?,?,yes
ba1b788999b67f292e40b9ffb7865289ef0fdfa2b64a5b3566ff35c5c3e5b68c,fpx,?,Workbook_Open,"Shellexecute, Powershell.exe",?,0,7168,?,?,?,?,?,?,?,?,?,?,?,W97M/PWS ,VB:Trojan.VBA.Downloader.R ,MO97:Dropper-BA [Trj] ,?,?,?,yes
bb8d3d73ad8152a0d0741f024ca41a76a2cac55d49e454b802b8c3d25a3dfac1,xls,983040,Workbook_Open,"Shellexecute, Powershell.exe",00020820-0000-0000-c000-000000000046,0,13056,16,112,15,244,14,252,1,15994,7,1148,?,?,?,VBA:Downloader-EJJ [Trj] ,?,?,?,yes
bc1e9ba088c1d2cf2eddf45480d167e7198ac32aef1e857b67b06a9cdce1c096,fpx,?,AutoOpen,"Shellexecute, Powershell.exe",?,0,6016,?,?,?,?,?,?,?,?,?,?,?,W97M/PWS ,VB:Trojan.VBA.Downloader.BL ,VBA:Downloader-CFK [Trj] ,VB:Trojan.VBA.Downloader.BL,?,?,yes
bdfa93ec92e4c92c0b3f4115aaa55abd9fe0f45a552f3c257388bd93a08eb525,doc,917504,Document_Open,"Shellexecute, Powershell.exe",00020906-0000-0000-c000-000000000046,0,6528,17,114,5,4096,4,4096,?,?,?,?,?,?,VB:Trojan.Valyria.68 ,VBA:Downloader-BVC [Trj] ,?,?,?,yes
be56d138f610ad2a1dbbdcc404ab6a59e0ec45362495be8223b36b9136a823d7,doc,917504,AutoOpen,"Shellexecute, Powershell.exe",00020906-0000-0000-c000-000000000046,0,7424,13,114,4,4096,3,4096,?,?,?,?,?,W97M/PWS ,Trojan.GenericKD.4393131 ,VBA:Downloader-AQD [Trj] ,?,?,?,yes
bf272d90b589c15d6181e48a929c13858100767c7f76cdeff29bfec35045fef9,xlsb,?,AutoOpen,"Shellexecute, Powershell.exe",?,?,?,?,?,?,?,?,?,?,?,?,?,?,W97M/PWS ,Trojan.GenericKD.4231038 ,MO97:Downloader-WT [Trj] ,?,0xd4064205,0x0006,yes
bfeff87131b9d3a2f33b1a0c59a70e69361d805d2bfa6e8afba32635c77d6116,xls,983040,Document_Open,"Shellexecute, Powershell.exe",00020820-0000-0000-c000-000000000046,0,8896,17,107,16,244,15,200,1,12584,8,991,?,W97M/PWS ,VB:Trojan.VBA.Downloader.Q ,VBA:Downloader-BNR [Trj] ,?,?,?,yes
c0be6ba595c944c28aba7f62f5f95efaf35d956e699815037e53c8b6b65aa85b,xls,983040,AutoOpen,"Shellexecute, Powershell.exe",00020820-0000-0000-c000-000000000046,0,6976,13,107,12,244,11,208,1,15369,5,991,?,W97M/PWS ,VB:Trojan.VBA.Downloader.Y ,VBA:Downloader-CFK [Trj] ,?,?,?,yes
c14f733ba7710b9fb78e93f25568f159fdeaef9a93a9ba1134effa52e37ab8bd,xls,983040,Workbook_Open,"Shellexecute, Powershell.exe",00020820-0000-0000-c000-000000000046,0,5632,12,112,11,244,10,40536,1,15424,5,1140,?,W97M/PWS ,VB:Trojan.VBA.Downloader.R ,VBA:Downloader-BIS [Trj] ,?,?,?,yes
c1e58fa099cfd074cd0a841670ed2ecf4d2122ddd70d9c38992e120a70679635,fpx,?,Workbook_Open,"Shellexecute, Powershell.exe",?,0,7168,?,?,?,?,?,?,?,?,?,?,?,W97M/PWS ,VB:Trojan.VBA.Downloader.R ,MO97:Dropper-BA [Trj] ,?,?,?,yes
c23b6d485d4af4640b9dd7007cfa4dbc9e34a1c9410948b7636d43a9ae8e1021,xls,1048576,AutoOpen,"Shellexecute, Powershell.exe",00020820-0000-0000-c000-000000000046,0,11904,17,115,16,252,15,208,1,16059,?,?,?,W97M/PWS ,?,MO97:Downloader-WT [Trj] ,?,?,?,yes
c5b920648b1413439a3ae7355cb4bb7824ca16117de1bde7bad840f8060a8e06,xlsm,?,Workbook_Open,"Shellexecute, Powershell.exe",?,?,?,?,?,?,?,?,?,?,?,?,?,?,W97M/PWS ,?,MO97:Downloader-YI [Trj] ,?,0xcda50cec,0x0006,yes
c64cac2c94b80c434bf89e5f2940cfefb3e4b855b23c6dfec6788a5a783a4542,fpx,?,AutoOpen,"Shellexecute, Powershell.exe",?,0,3456,?,?,?,?,?,?,?,?,?,?,?,X97M/Dropper.Agent ,W97M.Poshkod.A ,MO97:Crigent-A ,?,?,?,yes
c68aa7091ae02806223df52456e0d0e0ab2b5f263d2539a143468fbcb6b14a34,fpx,?,AutoOpen,"Shellexecute, Powershell.exe",?,0,6208,?,?,?,?,?,?,?,?,?,?,?,W97M/PWS ,VB:Trojan.VBA.Downloader.BL ,VBA:Downloader-CFK [Trj] ,?,?,?,yes
c7c218a68d4da41c0fd90ccd26af41280f841a12348f7f5a353b4cd63868a5a7,docm,?,Workbook_Open,"Shellexecute, Powershell.exe",?,?,?,?,?,?,?,?,?,?,?,?,?,?,W97M/PWS ,VBA.Downloader.1.Gen ,MO97:Downloader-YI [Trj] ,?,?,0x0006,yes
c7d8e936602ca4fadb315f68529a8d8927a73fb4778963660a97480f59055a30,fpx,?,Workbook_Open,"Shellexecute, Powershell.exe",?,0,7936,?,?,?,?,?,?,?,?,?,?,?,W97M/PWS ,?,MO97:Downloader-YI [Trj] ,?,?,?,yes
c987b8521f2ec92e8eb92f6e3e900ff787e287a8f3fb4480607b95ea3ce0f943,docm,?,AutoOpen,"Shellexecute, Powershell.exe",?,?,?,?,?,?,?,?,?,?,?,?,?,?,W97M/Downloader ,?,Other:Malware-gen [Trj] ,?,0x1c4f8ce3,0x0006,yes
cb456ee774abd5677ab70d1213e1e63fe91f3d38c53bc4caa2a57f25be14020c,fpx,?,AutoOpen,"Shellexecute, Powershell.exe",?,0,5888,?,?,?,?,?,?,?,?,?,?,?,W97M/PWS ,VB:Trojan.VBA.Downloader.BL ,VBA:Downloader-CFK [Trj] ,?,?,?,yes
cba767404e21f4eb755dc3c2c5be26c6e2d23499df2fbcf2aa5e94f4a46b508d,doc,917504,Workbook_Open,"Shellexecute, Powershell.exe",00020906-0000-0000-c000-000000000046,0,4800,13,114,4,4096,3,4096,?,?,?,?,?,W97M/PWS ,VBA.Downloader.1.Gen ,MO97:Downloader-YI [Trj] ,?,?,?,yes
ce58364392b72d4733695188c5c1aa4bc3acc7f9f129ee1eb1c3e7f92265632c,docm,?,AutoOpen,"Shellexecute, Powershell.exe",?,?,?,?,?,?,?,?,?,?,?,?,?,?,?,?,VBA:Downloader-MA [Trj] ,?,0x4dc12e6a,0x0006,yes
ce6bc209aac79d11b4d615c446ae096f9c51d72319e853d052d371f2c86111bd,xltm,?,Workbook_Open,"Shellexecute, Powershell.exe",?,?,?,?,?,?,?,?,?,?,?,?,?,?,W97M/PWS ,?,MO97:Dropper-BA [Trj] ,?,0xb72b7965,0x0006,yes
cf6c9fc7150d8dfe93304f8393750c15a22e5f5f5ca836b310106e52d77febed,fpx,?,AutoOpen,"Shellexecute, Powershell.exe",?,0,7040,?,?,?,?,?,?,?,?,?,?,?,?,?,MO97:Downloader-YI [Trj] ,?,?,?,yes
d32eb84d7274f6a8ecc007fc07a6808192bd3ab09bd9471f33e8dd6a8df8ea9a,xls,983040,Debugging,"Shellexecute, Powershell.exe",00020820-0000-0000-c000-000000000046,0,7424,16,107,15,244,14,216,1,38932,7,977,?,W97M/PWS ,VB:Trojan.VBA.Downloader.Q ,MO97:Downloader-YI [Trj] ,?,?,?,yes
d44cfc1634efb4eb571cb25a418f209147bf41c925bb7ab4616a882dcae41318,fpx,?,Workbook_Open,"Shellexecute, Powershell.exe",?,0,7168,?,?,?,?,?,?,?,?,?,?,?,W97M/PWS ,VB:Trojan.VBA.Downloader.R ,MO97:Dropper-BA [Trj] ,?,?,?,yes
d490fb8df81891721a6bc3f0776482604c170958120bfae2038b23b009e62300,docm,?,AutoOpen,"Shellexecute, Powershell.exe",?,?,?,?,?,?,?,?,?,?,?,?,?,?,W97M/PWS ,?,VBA:Downloader-BNR [Trj], ,0x778ad904,0x0006,yes
d5a2b49198393a70955432e38f2b898efe745536aea885195e21c468c8ee6546,docm,?,AutoOpen,"Shellexecute, Powershell.exe",?,?,?,?,?,?,?,?,?,?,?,?,?,?,W97M/PWS ,VB:Trojan.VBA.Downloader.Q ,VBA:Downloader-BNR [Trj] ,?,0x7aec387e,0x0006,yes
d64c4ab603cae70b71084966ca3e1b33b1397e6aa6855de805235abc52a1f5a1,xls,983040,AutoOpen,"Shellexecute, Powershell.exe",00020820-0000-0000-c000-000000000046,0,10752,19,107,18,244,17,224,1,15369,7,991,?,W97M/PWS ,W97M.Downloader.CWW ,VBA:Downloader-AQD [Trj] ,?,?,?,yes
d756af327fbdc7cc685a52a7be5d21a7b5eeaa91df0bd05948258717a829a230,fpx,?,Workbook_Open,"Shellexecute, Powershell.exe",?,0,9920,?,?,?,?,?,?,?,?,?,?,?,W97M/PWS ,?,MO97:Downloader-YI [Trj] ,?,?,?,yes
d7b061458594e14f9567f65036fc7e673523bb7ad1ccde04badc78be26f6c5a1,xls,983040,Workbook_Open,"Shellexecute, Powershell.exe",00020820-0000-0000-c000-000000000046,0,10688,19,107,18,248,17,208,1,16874,10,985,?,?,?,VBA:Downloader-ECT [Trj] ,?,?,?,yes
dba0022f7d51ff33546515ba8cab74863d6c0ff3275e5a38a8f2560ef47bc525,fpx,?,Workbook_Open,"Shellexecute, Powershell.exe",?,0,7232,?,?,?,?,?,?,?,?,?,?,?,W97M/PWS ,W97M.Downloader.EFB ,MO97:Dropper-BA [Trj] ,?,?,?,yes
dbb333f700c0e26d9f8e93c3e0d5c8d79c5f031a62eddd47af57f86621e60fed,fpx,?,AutoOpen,"Shellexecute, Powershell.exe",?,0,13120,?,?,?,?,?,?,?,?,?,?,?,W97M/PWS ,VB:Trojan.VBA.Downloader.Q ,VBA:Downloader-BNR [Trj] ,?,?,?,yes
dc377f2a5ae9f76f64e8f23bdd6fca36ff7390016466c91d7db3bd555dd6ee25,xls,917504,Workbook_Open,"Shellexecute, Powershell.exe",00020820-0000-0000-c000-000000000046,0,11136,16,107,15,264,14,224,1,80302,7,985,?,?,?,MO97:Dropper-BA [Trj] ,?,?,?,yes
dcd12769b49bf883d4b1da7d4c573b22229637d45c99f65c23237c3a59b337f1,xls,1048576,AutoOpen,"Shellexecute, Powershell.exe",00020820-0000-0000-c000-000000000046,0,11904,17,115,16,252,15,228,1,17265,?,?,?,W97M/PWS ,?,MO97:Downloader-WT [Trj] ,?,?,?,yes
dedbf7229a05e4797cd1aed74f9471af7c27228e9fce87515ab41436ad158ef4,doc,983040,AutoOpen,"Shellexecute, Powershell.exe",00020906-0000-0000-c000-000000000046,0,4864,13,114,4,4096,3,4096,?,?,?,?,?,W97M/PWS ,W97M.Downloader.CQV ,VBA:Downloader-CFK [Trj] ,?,?,?,yes
df2723b85778dff14018ea902b53abf9de509826a3ec43c24ba9ec7b6b61346b,fpx,?,Workbook_Open,"Shellexecute, Powershell.exe",?,0,4672,?,?,?,?,?,?,?,?,?,?,?,W97M/PWS ,VBA.Downloader.1.Gen ,MO97:Downloader-YI [Trj] ,?,?,?,yes
e194b67350ee1c4ee9738e710f9d19197e07adc6e2a3058906d43f7daa9ae4fa,fpx,?,Workbook_Open,"Shellexecute, Powershell.exe",?,0,4672,?,?,?,?,?,?,?,?,?,?,?,W97M/PWS ,VBA.Downloader.1.Gen ,MO97:Downloader-YI [Trj] ,?,?,?,yes
e5c91d672e55562605cfe01217d30432532b4c4bc846a0f6d666148df1f5e676,xltm,?,WProcedure2,"Shellexecute, Powershell.exe",?,?,?,?,?,?,?,?,?,?,?,?,?,?,?,?,MO97:Downloader-YI [Trj] ,?,0xfc6f621b,0x0006,yes
e75872f406faa327d5a47e584ecb2558f6609f80cde249b4ca8c5906327ee44c,fpx,?,AutoOpen,"Shellexecute, Powershell.exe",?,0,7552,?,?,?,?,?,?,?,?,?,?,?,W97M/PWS ,VB:Trojan.VBA.Downloader.BL ,VBA:Downloader-CFK [Trj] ,?,?,?,yes
e784185d47a6704517d35af95546d5b2973f25a866a961e0a0c383a223e53fef,doc,1048576,Document_Open,"Shellexecute, Powershell.exe",00020906-0000-0000-c000-000000000046,0,4416,16,114,4,4096,3,4096,?,?,?,?,?,W97M/PWS ,Trojan.GenericKD.4448824 ,MO97:Downloader-YI [Trj] ,?,?,?,yes
ea455116cbc169a094247c7e3fbc19ed0a5ee923fd629624b4d159411e7c068a,fpx,?,WProcedure2,"Shellexecute, Powershell.exe",?,0,10624,?,?,?,?,?,?,?,?,3,1791,?,?,?,MO97:Downloader-YI [Trj] ,?,?,?,yes
eab4489c2b2a8dcb0f2b4d6cf49876ea1a31b37ce06ab6672b27008fd43ad1ca,xls,1048576,WorkBook_Open,"Shellexecute, Powershell.exe",00020820-0000-0000-c000-000000000046,0,6976,13,107,12,260,11,200,1,28450,5,1005,?,W97M/PWS ,VB:Trojan.Valyria.265 ,VBA:Downloader-DEN [Trj] ,?,?,?,yes
ece41523433b290e217d03c2c81b07f069fe09db974327ac0a4e7c916231a54a,xls,1048576,AutoOpen,"Shellexecute, Powershell.exe",00020820-0000-0000-c000-000000000046,0,8448,17,107,16,244,15,224,1,15572,8,977,?,W97M/PWS ,W97M.Bendis.CT ,MO97:Downloader-YI [Trj] ,?,?,?,yes
ee42c7b9a29872d2ef258733dcbeb6988a781322791fbe3bc27c94f5ebf143cc,xlsm,?,Workbook_Open,"Shellexecute, Powershell.exe",?,?,?,?,?,?,?,?,?,?,?,?,?,?,W97M/PWS ,?,MO97:Dropper-BA [Trj] ,?,0x42e1d06b,0x0006,yes
f04cf9361cf46bff2f9d19617bba577ea5f3ad20ea76e1f7e159701e446364fc,xls,1048576,WorkBook_Open,"Shellexecute, Powershell.exe",00020820-0000-0000-c000-000000000046,0,6912,13,107,12,260,11,200,1,28434,5,1005,?,W97M/PWS ,Trojan.GenericKD.4133506 ,VBA:Downloader-DEN [Trj] ,?,?,?,yes
f06243be91cc922826b2e904a32905e4e521ec8e78a9a6b839a6f3a26082ef72,xls,?,AutoOpen,"Shellexecute, Powershell.exe",00020810-0000-0000-c000-000000000046,0,4288,2,73,6,116,5,200,1,1543,13,170,?,?,?,VBA:Downloader-EHL [Trj] ,?,?,?,yes
f146b9e204b03a1393371adddc574687b00dd57eb2993ced553f87a06fe2c141,?,?,Document_Open,"Shellexecute, Powershell.exe",?,0,3520,?,?,?,?,?,?,?,?,?,?,?,W97M/PWS ,VBA:Downloader-BIS [Trj] ,VBA:Downloader-BIS [Trj] ,?,?,?,yes
f23fb981e61f77b0b023fb839b95533d585c7e8ebefc9cf1c88e05548a087064,doc,917504,Document_Open,"Shellexecute, Powershell.exe",00020906-0000-0000-c000-000000000046,0,6592,17,114,5,4096,4,4096,?,?,?,?,?,?,VB:Trojan.Valyria.68 ,VBA:Downloader-BVC [Trj] ,?,?,?,yes
f2476a26adbc62bea5b5f28a60e9152e9df14a8f470c45d87e2d3ca5538b8c6e,?,1048576,AutoOpen,"Shellexecute, Powershell.exe",00020820-0000-0000-c000-000000000046,0,11904,17,115,16,252,15,208,1,16059,?,?,?,W97M/PWS ,?,MO97:Downloader-WT [Trj] ,?,?,?,yes
f628896c96fc972182d4d80038b1da90aa7ce538d9460101254591c71a224be7,xlsm,?,Workbook_Open,"Shellexecute, Powershell.exe",?,?,?,?,?,?,?,?,?,?,?,?,?,?,W97M/PWS ,?,MO97:Dropper-BA [Trj] ,?,0x68dd12df,0x0006,yes
f73fda79836cbf726077febf8c74736c87082539372b825396fea9dbec5a8343,?,?,Workbook_Open,"Shellexecute, Powershell.exe",?,0,72000,?,?,?,?,?,?,?,?,5,985,?,?,?,?,?,?,?,yes
f7b82fca723f9a8464aa95f9f570c3639d2caf980bca460a6a01b93744f0b048,fpx,?,AutoOpen,"Shellexecute, Powershell.exe",?,0,8704,?,?,?,?,?,?,?,?,?,?,?,W97M/PWS ,VB:Trojan.VBA.Downloader.Q ,VBA:Downloader-BNR [Trj] ,?,?,?,yes
f8062782a0cd2b0bc2ae1db3f339e48a757c35004c8d8718fc72fae5c4f4711b,fpx,?,Document_Open,"Shellexecute, Powershell.exe",?,0,4672,?,?,?,?,?,?,?,?,?,?,?,?,?,MO97:Downloader-WT [Trj] ,?,?,?,yes
f845b93c3096406f41b72baeda00fd3e8856c56b4472edb8123afde8cd61a598,docm,?,AutoOpen,"Shellexecute, Powershell.exe",?,?,?,?,?,?,?,?,?,?,?,?,?,?,W97M/PWS ,?,MO97:Downloader-YI [Trj] ,?,0x4dc12e6a,0x0006,yes
fb846cdec86ad29090f79168378268fc2542b32db8c119b95c1f2a770b253c69,fpx,?,Workbook_Open,"Shellexecute, Powershell.exe",?,0,9920,?,?,?,?,?,?,?,?,?,?,?,W97M/PWS ,VB:Trojan.VBA.Downloader.R ,MO97:Dropper-BA [Trj] ,?,?,?,yes
fbf8e24da4b4318005dfcc61cbf22edfc67b1391e80dbaa32efec09b10df08a7,doc,983040,AutoOpen,"Shellexecute, Powershell.exe",00020906-0000-0000-c000-000000000046,0,11648,17,114,4,4096,3,4096,?,?,?,?,?,?,VB:Trojan.Valyria.18 ,VBA:Downloader-DTH [Trj] ,?,?,?,yes
fdcdd43de21039052b5594d8b2f1203a6ee43fb15c796607e8094f8d85784fe9,docm,?,AutoOpen,"Shellexecute, Powershell.exe",?,?,?,?,?,?,?,?,?,?,?,?,?,?,?,Trojan.GenericKD.4333369 ,MO97:Downloader-YI [Trj] ,?,0x3f450766,0,yes
fe7451eda680852e7d0119c3760061487397458f6e9245ca05f8e8593c06c2af,xlsm,?,Workbook_Open,"Shellexecute, Powershell.exe",?,?,?,?,?,?,?,?,?,?,?,?,?,?,?,Trojan.GenericKD.4417727 ,VBA:Downloader-DLN [Trj] ,?,0xeefcde6a,0x0006,yes
ff0b59f23630f4a854448b82f1f0cd66bc4b1124a3f49f0aecaca28309673cb0,xlsm,?,Workbook_Open,"Shellexecute, Powershell.exe",?,?,?,?,?,?,?,?,?,?,?,?,?,?,?,?,MO97:Downloader-YI [Trj] ,?,0x64d37f65,0x0006,yes
09d9128e31b5c1e4cc9d31a3729fdb40d1bdf77c8850b8bbcc7380320c91d8d4,docm,?,AutoOpen,"Shellexecute, Powershell.exe",?,?,?,?,?,?,?,?,?,?,?,?,?,?,?,?,MO97:Downloader-WT [Trj] ,?,0x4dc12e6a,0x0006,yes
299d2bfaca3b1b0e0a09ff4909f7483dd0489012328d30b25105ed2b33d6f307,fpx,?,AutoOpen,"Shellexecute, Powershell.exe",?,0,6016,?,?,?,?,?,?,?,?,?,?,?,?,VBA.Downloader.2.Gen ,MO97:Downloader-WT [Trj] ,?,?,?,yes
cf7863e023475d695c6f72c471d314b8b1781c6e9087ff4d70118b30205da5f0,xlsm,?,Workbook_Open,"Shellexecute, Powershell.exe",?,?,?,?,?,?,?,?,?,?,?,?,?,?,W97M/PWS ,?,VBA:Downloader-BIS [Trj] ,?,0xf3ea132d,0x0006,yes
09f01cd00c526ae009334eef85d14046079de65c3dc752208576422f7830b24c,doc,917504,Document_Open,"Shellexecute, Powershell.exe",00020906-0000-0000-c000-000000000046,0,7360,21,134,4,4096,3,4096,?,?,?,?,?,W97M/PWS ,VB:Trojan.VBA.Downloader.R ,MO97:Dropper-BA [Trj] ,?,?,?,yes
84df7b79197921e02ec8aac37e5fb9a14f284f9de11e63253c53a3dfbca6d99c,xls,983040,AutoOpen,"Shellexecute, Powershell.exe",00020820-0000-0000-c000-000000000046,0,19776,30,107,29,3192,28,228,1,606392,11,1304,?,?,Trojan.GenericKD.4455097 ,MO97:Dropper-AJ ,?,?,?,yes
754d8e431778d3b2f2547de5de50957c78d3dba7424c0235a5ea306a47c9fa5c,fpx,?,AutoOpen,"Shellexecute, Powershell.exe",?,0,8640,?,?,?,?,?,?,?,?,?,?,?,?,VBA.Downloader.2.Gen ,MO97:Downloader-WT [Trj] ,?,?,?,yes
67258fd855cc555ebb5446fd0f90dd82c369fb66aed48c9135ea76c915eb764a,docm,?,AutoOpen,"Shellexecute, Powershell.exe",?,?,?,?,?,?,?,?,?,?,?,?,?,?,?,?,MO97:Downloader-WT [Trj] ,?,0x4dc12e6a,0x0006,yes
340795d1f2c2bdab1f2382188a7b5c838e0a79d3f059d2db9eb274b0205f6981,doc,917504,Document_Open,"Shellexecute, Powershell.exe",00020906-0000-0000-c000-000000000046,0,3776,13,114,5,4096,4,4096,?,?,?,?,?,?,VB:Trojan.Valyria.68 ,VBA:Downloader-BVC [Trj] ,?,?,?,yes
930798e3765736302e2cbb7373455e3578ba6b8ef334ede57e076d0c6801a337,docm,?,Document_Open,"Shellexecute, Powershell.exe",?,?,?,?,?,?,?,?,?,?,?,?,?,?,?,VBA.Downloader.2.Gen ,VBA:Downloader-BAK [Trj] ,?,0x7aec387e,0x0006,yes
a11e02d193a0328e4fb3bd30c7c6728f80c00285f105072bd8a2a154a304c44c,fpx,?,Workbook_Open,"Shellexecute, Powershell.exe",?,0,4608,?,?,?,?,?,?,?,?,?,?,?,W97M/PWS ,W97M.Downloader.EFB ,VBA:Downloader-BIS [Trj] ,?,?,?,yes
a77a1a2a1e718ed086f52d018284a63133f43141b2a743e1435816532631a029,fpx,?,Document_Open,"Shellexecute, Powershell.exe",?,0,5248,?,?,?,?,?,?,?,?,?,?,?,?,VBA.Downloader.2.Gen ,VBA:Downloader-BAK [Trj] ,?,?,?,yes
ad29c23c0f55e1b573f7cfff227e552cff5b47809362621a256da6ca200c2425,fpx,?,AutoOpen,"Shellexecute, Powershell.exe",?,0,10368,?,?,?,?,?,?,?,?,?,?,?,W97M/PWS ,VB:Trojan.Valyria.18 ,VBA:Downloader-AQD [Trj] ,?,?,?,yes
ef1d5b9972bf8718360dff00846d91654ff4277dfd0623937c1c138285f990d0,xlsm,?,Get-ADGroupMemberDate ,?,?,?,?,?,?,?,?,?,?,?,?,?,?,?,?,?,?,?,0x513599ac,0x0006,no
398452a815514c84763f2ae1df0b2b0920d46388d5cabe212a6fd345d3be1722,xlsm,?,ADSite,?,?,?,?,?,?,?,?,?,?,?,?,?,?,?,?,?,?,?,0x513599ac,0x0006,no
89fe5b5d0573526588376161d3c96c2d9718af0e1fd7b2e4183788a14b172594,xlsm,?,Get-ADNestedGroupMembers ,?,?,?,?,?,?,?,?,?,?,?,?,?,?,?,?,?,?,?,0x513599ac,0x0006,no
1dc23348083906adf27fb43ac7fd7b5b1d5c9095736cd011690d971f7a86310f,xlsm,?,Get-ClientWSUSSetting ,?,?,?,?,?,?,?,?,?,?,?,?,?,?,?,?,?,?,?,0x513599ac,0x0006,no
13239840d2aadf805a671e69a0fc860dcccf818a6911daef7fb92782bc53690f,xlsm,?,GetComputerOU.ps1 ,?,?,?,?,?,?,?,?,?,?,?,?,?,?,?,?,?,?,?,0x513599ac,0x0006,no
72956ee96e97bf7331bfc8a1a6d48e5918f3a0af14c0acec610a5b086a961fe9,xlsm,?,DetailedMessageStats,?,?,?,?,?,?,?,?,?,?,?,?,?,?,?,?,?,?,?,0x513599ac,0x0006,no
230a8edb8f3ee4412a2ca5da6f5c480085861d5f8349f01f8869ba3438940561,xlsm,?,Get-DirStats.ps1,?,?,?,?,?,?,?,?,?,?,?,?,?,?,?,?,?,?,?,0x513599ac,0x0006,no
80e1b479165494fb0f5c935aa93f73684072d65eebcd0621dbc83dcf5af7cefe,xlsm,?,DistributionGroupMembers,?,?,?,?,?,?,?,?,?,?,?,?,?,?,?,?,?,?,?,0x513599ac,0x0006,no
13120c230936f2ece11ec94b5b3452a2a843a14c8d26d3e8df5cad2bba7075c4,xlsm,?,Get-DomainController,?,?,?,?,?,?,?,?,?,?,?,?,?,?,?,?,?,?,?,0x513599ac,0x0006,no
b510a4d969133eb2e842a3a49bf51338891263a743ad3487145fdd251ca0ec61,xlsm,?,?,?,?,?,?,?,?,?,?,?,?,?,?,?,?,?,?,?,?,?,0x513599ac,0x0006,no
8d215b24450615ada00bac1c47f3b86383e710c6291e9519234319efc16ec72d,xlsm,?,GetExchangeURLs.ps1,?,?,?,?,?,?,?,?,?,?,?,?,?,?,?,?,?,?,?,0x513599ac,0x0006,no
469ed8040dc90a65bb7fd6472d7adf226986a294fbde8f90e411f583beffb508,xlsm,?,Get-FileHash ,?,?,?,?,?,?,?,?,?,?,?,?,?,?,?,?,?,?,?,0x513599ac,0x0006,no
1eaafcd0cb09bf90770f5c541f28846ec5b08519d9cab5b4cb5d0dd5686834d5,xlsm,?,Get-FilesByExtension.ps1 ,FileExtension,?,?,?,?,?,?,?,?,?,?,?,?,?,?,?,?,?,?,0x513599ac,0x0006,no
f1548d490f9c20a5589a1d950d346a1e8696d16647e3eebdbebc1d4f1b9f9a69,xlsm,?,Get-FolderItem ,AccountAdded.ps1,?,?,?,?,?,?,?,?,?,?,?,?,?,?,?,?,?,?,0x513599ac,0x0006,no
06efac30e815cfe8ffdceb9ad3fabd6dcff93c0a748e75c6599322d4e22db672,xlsm,?,Get-HBAWin ,Get-WmiObject ,?,?,?,?,?,?,?,?,?,?,?,?,?,?,?,?,?,?,0x513599ac,0x0006,no
ec9d1912df018823e8afc663cd587bd0b086917bca6b8497d658a657124060e1,xlsm,?,SupportsShouldProcess,$ReportFileNamePrefix ,?,?,?,?,?,?,?,?,?,?,?,?,?,?,?,?,?,?,0x513599ac,0x0006,no
dfb045a6743f1d8f0ffc608b3eae15d6430c429e18b6ece6ea2b666c3742f40b,xlsm,?,Get-Date,DaysInactive,?,?,?,?,?,?,?,?,?,?,?,?,?,?,?,?,?,?,0x513599ac,0x0006,no
08fd03d70624f33b7d59bf56b4e4eb97a21a9d6e9b8a1971da1fee4b10bc47b4,xlsm,?,Get-Date,DaysInactive,?,?,?,?,?,?,?,?,?,?,?,?,?,?,?,?,?,?,0x513599ac,0x0006,no
ad7cef54f1d20bb854c45bc9d7c28abc74f89fdf551a883855c18b537734749d,xlsm,?,Get-ADComputer ,DaysInactive,?,?,?,?,?,?,?,?,?,?,?,?,?,?,?,?,?,?,0x513599ac,0x0006,no
d6e290fef40bbdb6cad0df8d2098ee10699aaea1b09fc4ebef04b577f4a91386,xlsm,?,Get-LastLogon,Get-Content ,?,?,?,?,?,?,?,?,?,?,?,?,?,?,?,?,?,?,0x513599ac,0x0006,no
d2bea9c26433923108d93d3bb39d905dd0f2f70c56ce10bd4f413f5bc9e941fd,xlsm,?,Get-PSSession ,Remove-PSSession,?,?,?,?,?,?,?,?,?,?,?,?,?,?,?,?,?,?,0x513599ac,0x0006,no
6cfffcc5d2d8cbf684ba32fefa63e1aa1dcb8755cbf4772f00a1e2bf9672b151,xlsm,?,Get-LockedOutLocation,Get-ADDomainController ,?,?,?,?,?,?,?,?,?,?,?,?,?,?,?,?,?,?,0x513599ac,0x0006,no
498ad8c253e374cfc1f6da06ff4d4d66915b28d696861419c71c19ab60e2f325,xlsm,?,Get-WinEvent ,Get-Credential,?,?,?,?,?,?,?,?,?,?,?,?,?,?,?,?,?,?,0x513599ac,0x0006,no
c0267f17a7d7ab6b59b3d63008f9cb17b44e89785ddf8ddcbf974ace49c88b7b,xlsm,?,AuditLogEntries,Get-Date,?,?,?,?,?,?,?,?,?,?,?,?,?,?,?,?,?,?,0x513599ac,0x0006,no
10f0badf01d6fe2064a8fc53e7572ddee1a785bb083ac16c932e4bdefdb9488d,xlsm,?,Get-Date,Get-Date,?,?,?,?,?,?,?,?,?,?,?,?,?,?,?,?,?,?,0x513599ac,0x0006,no
1c1eeacc454423cdb74872455b5d6e3a9ed59f9bc858e4ebdc2de8a781bf929c,xlsm,?,Get-MSHotfix,Get-Date,?,?,?,?,?,?,?,?,?,?,?,?,?,?,?,?,?,?,0x513599ac,0x0006,no
daeef81dd79a901c5acaa640e9c3432de96dd8183f962ec442776e8aaa4f0b04,xlsm,?,Connect-MsolService ,Get-MsolUser,?,?,?,?,?,?,?,?,?,?,?,?,?,?,?,?,?,?,0x513599ac,0x0006,no
01086ab851b8345abff4bc32941f8f415624b909d2504971e6397865dc936eca,xlsm,?,Get-NetworkStatistics ,netstat.txt,?,?,?,?,?,?,?,?,?,?,?,?,?,?,?,?,?,?,0x513599ac,0x0006,no
21bb120982be250e9a91e2735df356ff6ed59e56d96176f03fee342c171f7329,xlsm,?,Get-PendingReboot,Get-WmiObject ,?,?,?,?,?,?,?,?,?,?,?,?,?,?,?,?,?,?,0x513599ac,0x0006,no
5b3b90a8cab025c1e5c1cec31942cd025788622d9ef5b0fe76e4fc6b148a9684,xlsm,?,Get-PendingUpdate ,GetTypeFromProgID,?,?,?,?,?,?,?,?,?,?,?,?,?,?,?,?,?,?,0x513599ac,0x0006,no
87b55e458d3bee5baaf10ceb6929a88ae9e2b5bcca4b87fe3daacaf003b395ab,xlsm,?,Get-ProductKey ,Get-WmiObject,?,?,?,?,?,?,?,?,?,?,?,?,?,?,?,?,?,?,0x513599ac,0x0006,no
0a1095d08c0f179e72363586ba1b2b98a1b569bba760a4a4c69eaaa3b39af272,xlsm,?,Get-RebootHistory ,System.Management.Automation.PSCredential,?,?,?,?,?,?,?,?,?,?,?,?,?,?,?,?,?,?,0x513599ac,0x0006,no
393e845030bcf84d5c1ab183df7c44644408237f9c72b4e3f96f72d1fafcdbb3,xlsm,?,get-localadmin ,?,?,?,?,?,?,?,?,?,?,?,?,?,?,?,?,?,?,?,0x513599ac,0x0006,no
dbf4ed12d7205bd42069f97d60e821cf2e915a0be48228429a03179726fc4db1,xlsm,?,Get-RemoteProgram ,?,?,?,?,?,?,?,?,?,?,?,?,?,?,?,?,?,?,?,0x513599ac,0x0006,no
91fbd9886b3c2c1513330120483aa9e0487f204c04581675b9641e200dc1a3b9,xlsm,?,Get-ScheduledTask.ps1,?,?,?,?,?,?,?,?,?,?,?,?,?,?,?,?,?,?,?,0x513599ac,0x0006,no
a246c4405ef622f37d26ed7cf2826e78c973685d01f96f1ce8a8757a26e5ff90,xlsm,?,cmdletbinding,gwmi,?,?,?,?,?,?,?,?,?,?,?,?,?,?,?,?,?,?,0x513599ac,0x0006,no
c57fe3ae10f59bb33a029c6b69576e32b7bce33bdeff102d816dfdf18bdd3ecb,xlsm,?,Get-SPN,?,?,?,?,?,?,?,?,?,?,?,?,?,?,?,?,?,?,?,0x513599ac,0x0006,no
98722d0285815cd135521b92cba3e3ee0d441541c78db234cf25db6fa40bd1d7,xlsm,?,Get-SQLInstance ,?,?,?,?,?,?,?,?,?,?,?,?,?,?,?,?,?,?,?,0x513599ac,0x0006,no
2a19e8e56ee23d2a917b5be4718a64efc8002c5e8f6a62e82e0dac5b35a80220,xlsm,?,Import-DscResource ,ConvertTo-SecureString ,?,?,?,?,?,?,?,?,?,?,?,?,?,?,?,?,?,?,0x513599ac,0x0006,no
f647d61d934099934ba4e468561675acf3466c79fc80b94fc6f596d4f4b3c1a1,docm,?,AddAccountToLogOnAsSec,Get-ADGroupMember ,?,?,?,?,?,?,?,?,?,?,?,?,?,?,?,?,?,?,0x7aec387e,0x0006,no
350f3ec118849b23235f9586d6cce0bcfa26e49887222d35a0f0291e31bc8c53,docm,?,OnApplicationLoad,ANUC,?,?,?,?,?,?,?,?,?,?,?,?,?,?,?,?,?,?,0x7aec387e,0x0006,no
a962b5c830ab2fbb9dda25fd75f497340ce895aa89679b1fe4291f11370f9e89,docm,?,CleanCMSoftwareUpdate,?,?,?,?,?,?,?,?,?,?,?,?,?,?,?,?,?,?,?,0x7aec387e,0x0006,no
ba46f262232d2d4e3079846dc43bcafaaf8e91be024a12b4a6294ad29104c721,docm,?,CheckFreeSpaceV3,Get-Date,?,?,?,?,?,?,?,?,?,?,?,?,?,?,?,?,?,?,0x7aec387e,0x0006,no
9c590bb2247e0122061d0240c6f7b49c6110d354a589dcb88ebebfb2a9f55a3f,docm,?,CheckFreeSpace,get-Credential ,?,?,?,?,?,?,?,?,?,?,?,?,?,?,?,?,?,?,0x7aec387e,0x0006,no
75c365d1670773494dc70fa1a45e366ff95fc5cf996813ef996ececfecd7b900,docm,?,CheckDiskSpace,?,?,?,?,?,?,?,?,?,?,?,?,?,?,?,?,?,?,?,0x7aec387e,0x0006,no
d0945df29d8318da937adf5c57bad5c0ec58ef2691db065440b8a8e3a5823809,docm,?,BulkAdGroupCreation,New-ADGroup ,?,?,?,?,?,?,?,?,?,?,?,?,?,?,?,?,?,?,0x7aec387e,0x0006,no
ca1606a756829adfd8b5133775d81a258c7f77712faa9b2e44b6d4a8b152e28e,docm,?,AzurePackSeparateSQL,Import-DscResource ,?,?,?,?,?,?,?,?,?,?,?,?,?,?,?,?,?,?,0x7aec387e,0x0006,no
b1aad47ca66db42c4067a0f8da1be1c1b1618b1c43c1216451b49d0e3a0dd21c,docm,?,AzureGatewayDiagnostic,?,?,?,?,?,?,?,?,?,?,?,?,?,?,?,?,?,?,?,0x7aec387e,0x0006,no
419fd88821e5c21fe0a659581c5e3a3633350cb82b469718cdd9363fccf01a0a,docm,?,OnApplicationLoad,powershell.exe,?,?,?,?,?,?,?,?,?,?,?,?,?,?,?,?,?,?,0x7aec387e,0x0006,no
d9e0cf416263c19b5f6d6786c8b59e398ac4034c78ca6ef0603c21bc02c39271,docm,?,AssertAutoShotDown,powershell.exe,?,?,?,?,?,?,?,?,?,?,?,?,?,?,?,?,?,?,0x7aec387e,0x0006,no
73c0f88306676e8eaf99262aca94de212d280a0ecad7e28cfbb680cdcea47187,docm,?,ConvertWindowsImage,?,?,?,?,?,?,?,?,?,?,?,?,?,?,?,?,?,?,?,0x7aec387e,0x0006,no
146719ade9aeb69b06d0254d3da0b6dc76321067f7531a1558c3a35c7262b664,docm,?,CleanUp,Start-Transcript ,?,?,?,?,?,?,?,?,?,?,?,?,?,?,?,?,?,?,0x7aec387e,0x0006,no
9be439b512c88c835fd644685ef07c02c2d72c9571ae0e915538b1853a13ac5c,docm,?,CleanUpDisk,?,?,?,?,?,?,?,?,?,?,?,?,?,?,?,?,?,?,?,0x7aec387e,0x0006,no
5132ed12b262e21cb2dce00ce5fb7793244b85b26c84fc981595115411974184,docm,?,ConfigSetUpActiveDirectory,System.Security.Cryptography.X509Certificates.StoreLocation,?,?,?,?,?,?,?,?,?,?,?,?,?,?,?,?,?,?,0x7aec387e,0x0006,no
f358bcd412f6ae5ec907773d981c40506e56345e97bb33fe81c6bc4b9b02db47,docm,?,ConfirureBitLocker,Import-DscResource ,?,?,?,?,?,?,?,?,?,?,?,?,?,?,?,?,?,?,0x7aec387e,0x0006,no
7963ba165c830b2cf3b93414978db61ffe4eb0fc54a109e406ab2e4adc733578,docm,?,ConfigureBitLockerOnOSDrive,Import-DscResource ,?,?,?,?,?,?,?,?,?,?,?,?,?,?,?,?,?,?,0x7aec387e,0x0006,no
84cfa4e0e7343dcb5407b2fe86867537bfe974b46e6e5986d1a93c4349bc4115,docm,?,ConfigureExchangeURL,powershell.exe,?,?,?,?,?,?,?,?,?,?,?,?,?,?,?,?,?,?,0x7aec387e,0x0006,no
f2309e6f007da7f13c62e42fa1ee1e2c9919b2e2bcc8a938e21ccbafe757a159,docm,?,ConnectMstsc,?,?,?,?,?,?,?,?,?,?,?,?,?,?,?,?,?,?,?,0x7aec387e,0x0006,no
d41c1599cbf66b9052469a1004d173ff13c4baab4985d8db6ba1f6f051a960de,docm,?,CheckMaxTokenSize,gwmi,?,?,?,?,?,?,?,?,?,?,?,?,?,?,?,?,?,?,0x7aec387e,0x0006,no
48cdb255d115d9b5ef6a0741c9c5eceede18ac4cf26aeebef10c4e4c90e490b2,docm,?,CopyFilesAndFolders,Get-SPWeb,?,?,?,?,?,?,?,?,?,?,?,?,?,?,?,?,?,?,0x7aec387e,0x0006,no
042db6072fbbb4e7fef07947dc654235fe4923ea48e66ab983fddbaf82bcb056,docm,?,CopyRecieveConnector,?,?,?,?,?,?,?,?,?,?,?,?,?,?,?,?,?,?,?,0x7aec387e,0x0006,no
1eaa72a9a38e154b3f77194aa53240c2e9e22838697a7ffaab3483cb07300638,docm,?,CreateMacro,Import-DscResource,?,?,?,?,?,?,?,?,?,?,?,?,?,?,?,?,?,?,0x7aec387e,0x0006,no
e27ed67a3e246f4c926fbabbe3a89a7495d19597fb5e7234faf3ad8e474fbf32,docm,?,CreateAdUsers,ActiveDirectory,?,?,?,?,?,?,?,?,?,?,?,?,?,?,?,?,?,?,0x7aec387e,0x0006,no
c3e0d0abb89088c530be02531df16d58bfd2e8efd8a82e694d980eb414029c70,docm,?,CreateFirewallRules,xAzureSqlDatabaseServerFirewallRule,?,?,?,?,?,?,?,?,?,?,?,?,?,?,?,?,?,?,0x7aec387e,0x0006,no
7b2f6ce6fc0068c7963aedc0bc8683036f5f47955a5db27345035efc64bd3dca,docm,?,CreateHomeFolderForAddUsers,powershell.exe,?,?,?,?,?,?,?,?,?,?,?,?,?,?,?,?,?,?,0x7aec387e,0x0006,no
36e6b3a6eae1313cb59178190ea9683b069d6d6d9a8233ec3dd409642fa952ee,docm,?,CreateMySqlUser,Import-DscResource,?,?,?,?,?,?,?,?,?,?,?,?,?,?,?,?,?,?,0x7aec387e,0x0006,no
37bd2c67bb58fc3f68ef0eec96bc19f864498160890c865d58836841027bddf5,docm,?,CreateSqlDatabase,powershell.exe,?,?,?,?,?,?,?,?,?,?,?,?,?,?,?,?,?,?,0x7aec387e,0x0006,no
2af68fa4584220ab30f33877e8b2b7d5c4797c60ebdba65e037e69c9a7ac3642,docm,?,CreateWithDSCextension,Import-DscResource ,?,?,?,?,?,?,?,?,?,?,?,?,?,?,?,?,?,?,0x7aec387e,0x0006,no
2777ad317d03b8d1fed8a8f1a8d2184c5e14726ca160e6e4f5e5a91a2d6c69a1,docm,?,CredMan,powershell.exe,?,?,?,?,?,?,?,?,?,?,?,?,?,?,?,?,?,?,0x7aec387e,0x0006,no
cce7b547c9cf7477593951ee65de8664e5d4435791b3f0160beca635af1cd607,docm,?,DeleteOld,powershell.exe,?,?,?,?,?,?,?,?,?,?,?,?,?,?,?,?,?,?,0x7aec387e,0x0006,no
ca8fbefaaa0150f0c5ee876dd0f67ac9991a71fad6a8fb109ad1ad875d07a1a0,docm,?,DeleteProfileWithGUI,Get-Date,?,?,?,?,?,?,?,?,?,?,?,?,?,?,?,?,?,?,0x7aec387e,0x0006,no
73f55d39c45730d3ab7783a669c03c3eb43bed89c5f94e76abb0826a6c365d3f,docm,?,Get-WinEvent ,Import-DscResource ,?,?,?,?,?,?,?,?,?,?,?,?,?,?,?,?,?,?,0x7aec387e,0x0006,no
e36afcbb23ac7bed9984f5df18238570524af83ea9b665f71a16a077a5231182,docm,?,Destroy,Import-DscResource ,?,?,?,?,?,?,?,?,?,?,?,?,?,?,?,?,?,?,0x7aec387e,0x0006,no
09533594f9f7120d4e641a101b616ccf93c05f0611e663add622bca15f228fe4,docm,?,DetermineVersionofcomponent,powershell.exe,?,?,?,?,?,?,?,?,?,?,?,?,?,?,?,?,?,?,0x7aec387e,0x0006,no
d17324df593f4b088554a6cc4425a7d022c0d83046d7625bf922881fdd4c5f04,docm,?,DiskCleanUpTool,get-ChildItem ,?,?,?,?,?,?,?,?,?,?,?,?,?,?,?,?,?,?,0x7aec387e,0x0006,no
0fd72ce3f39683fa3d574a271fd294525aa9096bb59ed6800e8a92f4c24ef9cb,docm,?,DispplayComputerStatus,Ping-Host,?,?,?,?,?,?,?,?,?,?,?,?,?,?,?,?,?,?,0x7aec387e,0x0006,no
65785b8349cda4749962132bac84acf1e23f2f0b55e7066ea16369e9602ddd04,docm,?,DownloadSP2103PreRegFile,powershell.exe,?,?,?,?,?,?,?,?,?,?,?,?,?,?,?,?,?,?,0x7aec387e,0x0006,no
7b0aee7d6a4b3be3222c27d6da959981739bd7a63f0927ad73c4c22c16643756,docm,?,DownloadSP2016RTM,Import-ModuleBitsTransfer,?,?,?,?,?,?,?,?,?,?,?,?,?,?,?,?,?,?,0x7aec387e,0x0006,no
176bf5305561760c52c68a3f6f088fd16734a8d0313f31ac948e8c040144bd98,docm,?,DumoOUStructure,Dump_OU_Structure.ps1,?,?,?,?,?,?,?,?,?,?,?,?,?,?,?,?,?,?,0x7aec387e,0x0006,no
631550b324a0f190ebb4de50448e9c605a2e4e3ee6e387d4a0e12769279fcda6,docm,?,ExportAddUserToCSV,Split-Path ,?,?,?,?,?,?,?,?,?,?,?,?,?,?,?,?,?,?,0x7aec387e,0x0006,no
ece849b4ca61402bf19e01620071be7a1bf442182d7da58bda2cd3099b4f1fec,docm,?,ExportEvent,Export-OSCEvent,?,?,?,?,?,?,?,?,?,?,?,?,?,?,?,?,?,?,0x7aec387e,0x0006,no
b97bcc15433b23d273954f10b1e1b1123602b516e32b7f3bc9aa38d4d7ca141c,docm,?,ExportXLSX,?,?,?,?,?,?,?,?,?,?,?,?,?,?,?,?,?,?,?,0x7aec387e,0x0006,no
c843f8f45c8f7b9ee207b27d1fbdc8dfe4a91dd8deecc007d869bd844824d54a,docm,?,FileSystemWatcher,Event.SourceEventArgs.ChangeType,?,?,?,?,?,?,?,?,?,?,?,?,?,?,?,?,?,?,0x7aec387e,0x0006,no
301fdfaf9c0625fd075c671b51746d4476781e1ab45b0a704b3a986d847eab03,docm,?,FindServerRDPSession,Get-ADComputer ,?,?,?,?,?,?,?,?,?,?,?,?,?,?,?,?,?,?,0x7aec387e,0x0006,no
4e382e4a5ca4ce58390c7952c3908c0bb7a308ab6660b285226ad7ad2582ee56,docm,?,FindUserLogonDuration,New-OSCPSCustomErrorRecord,?,?,?,?,?,?,?,?,?,?,?,?,?,?,?,?,?,?,0x7aec387e,0x0006,no
d612d078635c8f92af26253533f58e508e99a1690a8b8c8604dd3beaf957100f,docm,?,DumoOUStructure,Dump_OU_Structure.ps1 ,?,?,?,?,?,?,?,?,?,?,?,?,?,?,?,?,?,?,0x7aec387e,0x0006,no
8e4871d92ba25bab32f29e220fc9e203efd6178eab4498db6ea6ea0dc3bb05eb,docm,?,ExportAddUserToCSV,powershell.exe,?,?,?,?,?,?,?,?,?,?,?,?,?,?,?,?,?,?,0x7aec387e,0x0006,no
c789b45ff723bcb56925f42499ce4aec45418776878abf2b44f1897f627d3e98,docm,?,ExportEvent,powershell.exe,?,?,?,?,?,?,?,?,?,?,?,?,?,?,?,?,?,?,0x7aec387e,0x0006,no
82a5c1edddddf72742506106de35bc78730bd9c1a9cc6379ebb92d79079c572c,docm,?,ExportXLSX,powershell.exe,?,?,?,?,?,?,?,?,?,?,?,?,?,?,?,?,?,?,0x7aec387e,0x0006,no
1166c323629f928fa833a502bc1ea6370b06bc4e121c0fa80dec1ab899cfabf2,docm,?,FileSystemWatcher,powershell.exe,?,?,?,?,?,?,?,?,?,?,?,?,?,?,?,?,?,?,0x7aec387e,0x0006,no
f7dd139f16f732563c390a80ab214354614ed57d9ac98cabf9ee6970d5003981,docm,?,FindServerRDPSession,powershell.exe,?,?,?,?,?,?,?,?,?,?,?,?,?,?,?,?,?,?,0x7aec387e,0x0006,no
3dd07ab81c7454136c06bb5c6d08be32aeec12dccbde5c1edb2779016996a882,docm,?,FindUserLogonDuration,powershell.exe,?,?,?,?,?,?,?,?,?,?,?,?,?,?,?,?,?,?,0x7aec387e,0x0006,no
774d3c88ee5dc1f1efc488ab5884259aa2eb0e14ce5bf273a72a4f2d0290e5a4,docm,?,ForceInstallUpdatesRemote,powershell.exe,?,?,?,?,?,?,?,?,?,?,?,?,?,?,?,?,?,?,0x7aec387e,0x0006,no
ac223dfa3bdf1904b0a58c080671afc151bd4390bf67222298dab5631382dc42,docm,?,FunctionGetUptime,powershell.exe,?,?,?,?,?,?,?,?,?,?,?,?,?,?,?,?,?,?,0x7aec387e,0x0006,no
bdad9f9f8dc6d530653d80cf9e1d7ab7b6867457f2b88b5875b65ce786752357,docm,?,FunctionWriteLog,powershell.exe,?,?,?,?,?,?,?,?,?,?,?,?,?,?,?,?,?,?,0x7aec387e,0x0006,no
40a357e14be6192f0c7addca9aea015d9ade55c9e46f2bffa64db1e3c85819cf,docm,?,GenerateDocumentInfoReport,powershell.exe,?,?,?,?,?,?,?,?,?,?,?,?,?,?,?,?,?,?,0x7aec387e,0x0006,no
b0612195fec0a210e426631e64112dd7d75188f5a144fc21b9d87b9f10b5af67,docm,?,GenerateVSAR,powershell.exe,?,?,?,?,?,?,?,?,?,?,?,?,?,?,?,?,?,?,0x7aec387e,0x0006,no
9d00f60c5a8038b0e89c9788b0e75fd704f41be77324ad8c57ecbc8b0bd1c293,docm,?,GetActiveExchangeUser,powershell.exe,?,?,?,?,?,?,?,?,?,?,?,?,?,?,?,?,?,?,0x7aec387e,0x0006,no
36f2feeae55458c3ec585897b279d4eba24cc62c306e218d7255a235b15a46c1,docm,?,GetAdNestedGroupMembers,powershell.exe,?,?,?,?,?,?,?,?,?,?,?,?,?,?,?,?,?,?,0x7aec387e,0x0006,no
fb5c0bb5cb55de48bc61deebdbe3b7cc066651ec69a7ef20c5099c1bd8387091,docm,?,GetAddGroupMembers,powershell.exe,?,?,?,?,?,?,?,?,?,?,?,?,?,?,?,?,?,?,0x7aec387e,0x0006,no
601c343527fc6bd016c5d971db20a185f19cda47665cf87ee29decdeea840b89,docm,?,GetClientWSUSettings,powershell.exe,?,?,?,?,?,?,?,?,?,?,?,?,?,?,?,?,?,?,0x7aec387e,0x0006,no
296c7f29847418cab85f4789c1cdc85c41f136d7bc04d0d151bfc0a7dd8dc4a6,docm,?,GetComputerOU,powershell.exe,?,?,?,?,?,?,?,?,?,?,?,?,?,?,?,?,?,?,0x7aec387e,0x0006,no
b5ee5d30ef1010c19b6e477bb5ea9959e95ef9561f219b5fa32325c2940a9baa,docm,?,GetDetailedMessageStats,powershell.exe,?,?,?,?,?,?,?,?,?,?,?,?,?,?,?,?,?,?,0x7aec387e,0x0006,no
30988b828b2cf715baa1194dc361295eb729180c1c36b458a928528f4cbc61d1,docm,?,GetDirStats,powershell.exe,?,?,?,?,?,?,?,?,?,?,?,?,?,?,?,?,?,?,0x7aec387e,0x0006,no
38aaafe80a0dfa272aa1de405ab922e651b2ef01ea8c9ade595c2a8fc3aa458d,docm,?,GetDistributionGroupMembers,powershell.exe,?,?,?,?,?,?,?,?,?,?,?,?,?,?,?,?,?,?,0x7aec387e,0x0006,no
b64e4051f77b135f02a015e830cc548d6004e26fd3c86737932d0571c4e8d40b,docm,?,GetDomainController,powershell.exe,?,?,?,?,?,?,?,?,?,?,?,?,?,?,?,?,?,?,0x7aec387e,0x0006,no
1ed02c7cefe2456976bbdaa7d3ea30a26433dae0ea9e96c2bcd64f3b150b3ca2,docm,?,GetExchangeEnvironmentReport,powershell.exe,?,?,?,?,?,?,?,?,?,?,?,?,?,?,?,?,?,?,0x7aec387e,0x0006,no
7ea09a6fac626107b9c38148543334b835cbe0e47975b7e599e5400fab55a824,docm,?,GetExchangeURLs,powershell.exe,?,?,?,?,?,?,?,?,?,?,?,?,?,?,?,?,?,?,0x7aec387e,0x0006,no
2939ef814717766ccc777a3b440327ed273f66d14ff9369a53906bde43cfd2a5,docm,?,GetFileHash,powershell.exe,?,?,?,?,?,?,?,?,?,?,?,?,?,?,?,?,?,?,0x7aec387e,0x0006,no
dbbe8cf522efa6a2fe9a888b23eaa244ef8811cd0f93d878eb867817e3cc1b64,docm,?,GetFilesByExtension,powershell.exe,?,?,?,?,?,?,?,?,?,?,?,?,?,?,?,?,?,?,0x7aec387e,0x0006,no
ed0699585bb6ede350e99f574d15f54034be43e5d49c77872d866092b6a9b010,docm,?,GetFolderItem,powershell.exe,?,?,?,?,?,?,?,?,?,?,?,?,?,?,?,?,?,?,0x7aec387e,0x0006,no
e42d2c59c82a4b81dc4e329604993b5d70d8b044a9e620773258dd7c4c0b0f65,docm,?,GetHBAWin,powershell.exe,?,?,?,?,?,?,?,?,?,?,?,?,?,?,?,?,?,?,0x7aec387e,0x0006,no
b9751d0721db3e2642a969eca8af3f98575f191d6b7288c3ce4e0dcaaed72353,docm,?,GetHyperVReport,powershell.exe,?,?,?,?,?,?,?,?,?,?,?,?,?,?,?,?,?,?,0x7aec387e,0x0006,no
ac390987e7dce18e403ce22190cbf667821b5a43a66cb58af164dc3aaf413bf3,docm,?,GetInactiveComputer,powershell.exe,?,?,?,?,?,?,?,?,?,?,?,?,?,?,?,?,?,?,0x7aec387e,0x0006,no
